{"type":"FeatureCollection","features":[{"type":"Feature","id":0,"properties":{"id":0,"name":"الصناعية - 5","en":"Industrial 5"},"geometry":{"type":"Polygon","coordinates":[[[55.42349,25.33285],[55.42231,25.33355],[55.4217,25.33392],[55.42135,25.33411],[55.41966,25.33511],[55.41897,25.33552],[55.41668,25.33687],[55.415,25.33789],[55.41498,25.33787],[55.40412,25.32298],[55.40354,25.32231],[55.40404,25.32189],[55.40418,25.32179],[55.40426,25.32172],[55.40461,25.32146],[55.40485,25.32129],[55.40501,25.32117],[55.40594,25.32045],[55.41151,25.31618],[55.41164,25.31608],[55.42349,25.33285]]]}},{"type":"Feature","id":1,"properties":{"id":1,"name":"القرائن - 1","en":"Al Qarain 1"},"geometry":{"type":"Polygon","coordinates":[[[55.52859,25.3127],[55.52715,25.31292],[55.52027,25.31398],[55.51729,25.31444],[55.51639,25.31458],[55.5159,25.31466],[55.50652,25.30122],[55.51039,25.29899],[55.51178,25.2982],[55.5166,25.29542],[55.51678,25.29568],[55.51769,25.29697],[55.51839,25.29797],[55.52179,25.30284],[55.52608,25.30899],[55.52808,25.31185],[55.52842,25.31244],[55.52859,25.3127]]]}},{"type":"Feature","id":2,"properties":{"id":2,"name":"القرائن - 5","en":"Al Qarain 5"},"geometry":{"type":"Polygon","coordinates":[[[55.5166,25.29542],[55.51178,25.2982],[55.51039,25.29899],[55.50652,25.30122],[55.50498,25.299],[55.50221,25.29504],[55.49997,25.29182],[55.49903,25.29047],[55.50952,25.28535],[55.5103,25.28647],[55.51177,25.28849],[55.5166,25.29542]]]}},{"type":"Feature","id":3,"properties":{"id":3,"name":"حمرية شرق","en":"East Hamriyah"},"geometry":{"type":"Polygon","coordinates":[[[55.59329,25.46283],[55.59106,25.46487],[55.58825,25.46651],[55.58466,25.46861],[55.58314,25.4695],[55.58286,25.46966],[55.58123,25.47061],[55.57974,25.47095],[55.57142,25.47581],[55.55984,25.48257],[55.55451,25.48569],[55.55338,25.48688],[55.55203,25.48767],[55.54635,25.49346],[55.53347,25.48694],[55.5262,25.47849],[55.51997,25.47001],[55.51332,25.45655],[55.51527,25.45561],[55.51567,25.45544],[55.51608,25.45527],[55.51648,25.45512],[55.51689,25.45497],[55.51731,25.45483],[55.51772,25.45469],[55.51814,25.45456],[55.51856,25.45444],[55.51899,25.45432],[55.51941,25.45421],[55.51984,25.45411],[55.52027,25.45402],[55.5207,25.45393],[55.52113,25.45385],[55.52157,25.45378],[55.52201,25.45371],[55.52244,25.45365],[55.52288,25.4536],[55.52332,25.45355],[55.52376,25.45351],[55.5242,25.45348],[55.52464,25.45346],[55.52508,25.45344],[55.52553,25.45343],[55.52597,25.45343],[55.52641,25.45343],[55.52677,25.45343],[55.52712,25.45344],[55.52748,25.45345],[55.52784,25.45347],[55.52819,25.45349],[55.52855,25.45352],[55.5289,25.45356],[55.52926,25.45361],[55.52961,25.45366],[55.52996,25.45372],[55.53031,25.45378],[55.53066,25.45385],[55.531,25.45393],[55.53135,25.45402],[55.53169,25.45411],[55.53203,25.45421],[55.53237,25.45431],[55.53271,25.45442],[55.53304,25.45454],[55.53337,25.45466],[55.5337,25.45479],[55.53402,25.45493],[55.53434,25.45507],[55.53466,25.45522],[55.53497,25.45537],[55.53528,25.45553],[55.53589,25.45587],[55.54098,25.45752],[55.5523,25.46119],[55.5526,25.46127],[55.55291,25.46135],[55.55322,25.46141],[55.55353,25.46148],[55.55385,25.46153],[55.55416,25.46158],[55.55448,25.46163],[55.5548,25.46166],[55.55511,25.46169],[55.55543,25.46171],[55.55575,25.46173],[55.55607,25.46174],[55.55639,25.46174],[55.55671,25.46173],[55.55703,25.46172],[55.55735,25.4617],[55.55767,25.46168],[55.55799,25.46164],[55.5583,25.4616],[55.55862,25.46156],[55.55893,25.4615],[55.55925,25.46144],[55.55956,25.46138],[55.59548,25.44639],[55.59989,25.44391],[55.60003,25.44382],[55.60017,25.44372],[55.6003,25.44361],[55.60043,25.4435],[55.60055,25.44338],[55.60067,25.44326],[55.60078,25.44313],[55.60088,25.443],[55.60098,25.44287],[55.60107,25.44273],[55.60116,25.44259],[55.60124,25.44245],[55.60131,25.4423],[55.60137,25.44215],[55.60143,25.442],[55.60148,25.44185],[55.60152,25.44169],[55.60156,25.44153],[55.60158,25.44137],[55.6016,25.44121],[55.60162,25.44105],[55.60162,25.44089],[55.60162,25.44073],[55.60161,25.44057],[55.60159,25.44041],[55.60156,25.44025],[55.60153,25.44009],[55.60149,25.43994],[55.60144,25.43978],[55.60198,25.4395],[55.60209,25.43962],[55.60222,25.43975],[55.60281,25.44033],[55.60313,25.44064],[55.60341,25.44091],[55.60369,25.44117],[55.60426,25.4417],[55.6047,25.44208],[55.6052,25.44251],[55.60589,25.44305],[55.60645,25.44353],[55.60716,25.44414],[55.60778,25.44468],[55.60808,25.44496],[55.60906,25.44588],[55.60948,25.44629],[55.61049,25.44736],[55.60704,25.45059],[55.60148,25.45578],[55.60113,25.45547],[55.59539,25.46082],[55.59329,25.46283]]]}},{"type":"Feature","id":4,"properties":{"id":4,"name":"المدينة الجامعية","en":"University City"},"geometry":{"type":"Polygon","coordinates":[[[55.5055,25.32061],[55.50512,25.3209],[55.49349,25.32401],[55.48709,25.32568],[55.48629,25.32461],[55.47347,25.30718],[55.47199,25.30515],[55.4715,25.3045],[55.47151,25.3045],[55.46945,25.30169],[55.46938,25.3016],[55.46931,25.30151],[55.46923,25.30143],[55.46914,25.30136],[55.46906,25.30129],[55.46896,25.30122],[55.46886,25.30116],[55.46876,25.30111],[55.46866,25.30106],[55.46855,25.30101],[55.46844,25.30098],[55.46833,25.30094],[55.46821,25.30092],[55.46809,25.3009],[55.46798,25.30089],[55.46786,25.30088],[55.46761,25.30087],[55.46747,25.30087],[55.46733,25.30088],[55.46718,25.30089],[55.46704,25.30091],[55.4669,25.30093],[55.46676,25.30096],[55.46663,25.301],[55.46649,25.30105],[55.46636,25.3011],[55.46623,25.30115],[55.46611,25.30122],[55.46598,25.30129],[55.45944,25.30516],[55.45729,25.30223],[55.45816,25.30171],[55.45827,25.30164],[55.45838,25.30157],[55.45848,25.3015],[55.45858,25.30143],[55.45869,25.30136],[55.45879,25.30128],[55.45889,25.3012],[55.45898,25.30113],[55.45908,25.30105],[55.45917,25.30097],[55.45927,25.30088],[55.45936,25.3008],[55.45945,25.30071],[55.45954,25.30063],[55.45962,25.30054],[55.45971,25.30045],[55.45979,25.30036],[55.45987,25.30027],[55.45995,25.30017],[55.46003,25.30008],[55.46011,25.29998],[55.46018,25.29989],[55.46025,25.29979],[55.46032,25.29969],[55.46039,25.29959],[55.46046,25.29949],[55.46052,25.29938],[55.46058,25.29928],[55.46064,25.29917],[55.4607,25.29907],[55.46076,25.29896],[55.46081,25.29886],[55.46087,25.29875],[55.46092,25.29864],[55.46095,25.29855],[55.461,25.29844],[55.46104,25.29833],[55.46109,25.29822],[55.46113,25.29811],[55.46116,25.29799],[55.4612,25.29788],[55.46123,25.29777],[55.46126,25.29765],[55.46129,25.29753],[55.46132,25.29742],[55.46134,25.2973],[55.46137,25.29719],[55.46139,25.29707],[55.46141,25.29695],[55.46142,25.29683],[55.46143,25.29671],[55.46145,25.2966],[55.46145,25.29648],[55.46146,25.29636],[55.46146,25.29624],[55.46147,25.29612],[55.46147,25.296],[55.46146,25.29589],[55.46146,25.29577],[55.46145,25.29565],[55.46144,25.29553],[55.46143,25.29541],[55.46142,25.29529],[55.4614,25.29518],[55.46138,25.29506],[55.46136,25.29494],[55.46134,25.29483],[55.46131,25.29471],[55.46129,25.29459],[55.46126,25.29448],[55.46122,25.29436],[55.46119,25.29425],[55.46115,25.29413],[55.46111,25.29402],[55.46107,25.29391],[55.46103,25.2938],[55.46099,25.29369],[55.46094,25.29357],[55.46089,25.29346],[55.46084,25.29336],[55.46079,25.29325],[55.46073,25.29314],[55.46067,25.29303],[55.46061,25.29293],[55.46055,25.29282],[55.46049,25.29272],[55.46042,25.29262],[55.46036,25.29252],[55.46029,25.29242],[55.46021,25.29232],[55.45843,25.28989],[55.45841,25.28986],[55.45832,25.28973],[55.45823,25.2896],[55.45814,25.28946],[55.45806,25.28933],[55.45797,25.28919],[55.45789,25.28905],[55.45781,25.2889],[55.45773,25.28876],[55.45766,25.28861],[55.45759,25.28846],[55.45752,25.28831],[55.45745,25.28816],[55.45739,25.28801],[55.45733,25.28786],[55.45727,25.28771],[55.45722,25.28755],[55.45717,25.2874],[55.45712,25.28724],[55.45708,25.28709],[55.45703,25.28693],[55.457,25.28677],[55.45696,25.28662],[55.45693,25.28646],[55.4569,25.2863],[55.45687,25.28614],[55.45685,25.28598],[55.45683,25.28585],[55.45682,25.28571],[55.45681,25.28558],[55.4568,25.28545],[55.45679,25.28532],[55.45679,25.28526],[55.45679,25.28513],[55.45679,25.285],[55.45679,25.28486],[55.4568,25.28473],[55.4568,25.28465],[55.45686,25.28409],[55.45688,25.28399],[55.4569,25.28388],[55.45693,25.28377],[55.45695,25.28367],[55.45698,25.28356],[55.45701,25.28346],[55.45704,25.28335],[55.45708,25.28325],[55.45712,25.28314],[55.45715,25.28304],[55.45719,25.28294],[55.45724,25.28284],[55.45725,25.28281],[55.45777,25.28158],[55.45814,25.28078],[55.45851,25.28027],[55.45837,25.28005],[55.45932,25.27935],[55.45933,25.27934],[55.45934,25.27933],[55.45935,25.27933],[55.45936,25.27932],[55.4605,25.27864],[55.46073,25.27851],[55.46096,25.27839],[55.46119,25.27828],[55.46142,25.27817],[55.46166,25.27806],[55.4619,25.27795],[55.46214,25.27785],[55.46238,25.27776],[55.46251,25.27771],[55.46637,25.27624],[55.46642,25.27622],[55.46676,25.27609],[55.4669,25.27604],[55.46709,25.27596],[55.46716,25.27594],[55.46726,25.2759],[55.46736,25.27586],[55.4676,25.27577],[55.46768,25.27574],[55.46778,25.2757],[55.46795,25.27564],[55.46875,25.27533],[55.4692,25.27516],[55.47004,25.27484],[55.47104,25.27447],[55.47121,25.2744],[55.47242,25.27394],[55.47305,25.27481],[55.4738,25.27576],[55.48111,25.2857],[55.48773,25.29471],[55.48838,25.29566],[55.48916,25.29666],[55.49342,25.30244],[55.50442,25.31741],[55.50481,25.31855],[55.5055,25.32061]]]}},{"type":"Feature","id":5,"properties":{"id":5,"name":"الصناعية - 3","en":"Industrial 3"},"geometry":{"type":"Polygon","coordinates":[[[55.42085,25.30895],[55.42028,25.3094],[55.42025,25.30942],[55.42019,25.30947],[55.42004,25.30959],[55.41994,25.30966],[55.41966,25.30987],[55.41954,25.30997],[55.41932,25.31014],[55.41872,25.3106],[55.41797,25.31118],[55.41718,25.31179],[55.41537,25.31318],[55.41531,25.31323],[55.41511,25.31338],[55.41164,25.31608],[55.41151,25.31618],[55.3983,25.30203],[55.39843,25.30193],[55.39925,25.3013],[55.39934,25.30122],[55.39966,25.30099],[55.40021,25.30057],[55.4017,25.29941],[55.40269,25.29864],[55.40582,25.29625],[55.40767,25.29481],[55.42085,25.30895]]]}},{"type":"Feature","id":6,"properties":{"id":6,"name":"الجرينة 1","en":"Al Juraina 1"},"geometry":{"type":"Polygon","coordinates":[[[55.51808,25.31779],[55.51427,25.31838],[55.51392,25.31844],[55.51358,25.31849],[55.51357,25.31849],[55.51323,25.31855],[55.51196,25.31884],[55.51193,25.31885],[55.51192,25.31885],[55.5113,25.31902],[55.51105,25.31909],[55.51028,25.3193],[55.5055,25.32061],[55.50481,25.31855],[55.50442,25.31741],[55.49342,25.30244],[55.48916,25.29666],[55.48838,25.29566],[55.49902,25.29046],[55.49903,25.29047],[55.49997,25.29182],[55.50221,25.29504],[55.50498,25.299],[55.50652,25.30122],[55.5159,25.31466],[55.51798,25.31764],[55.51808,25.31779]]]}},{"type":"Feature","id":7,"properties":{"id":7,"name":"الصناعية - 13","en":"Industrial 13"},"geometry":{"type":"Polygon","coordinates":[[[55.45156,25.31626],[55.44986,25.31727],[55.44789,25.31844],[55.44558,25.31979],[55.44526,25.31998],[55.44349,25.32102],[55.44266,25.32154],[55.42915,25.30257],[55.4297,25.30213],[55.42974,25.30211],[55.42984,25.30203],[55.42991,25.30198],[55.43003,25.30188],[55.43015,25.30179],[55.43025,25.30172],[55.43086,25.30125],[55.43103,25.30111],[55.43109,25.30107],[55.43151,25.30075],[55.43171,25.30059],[55.43194,25.30041],[55.43219,25.30022],[55.43248,25.3],[55.43303,25.29957],[55.43415,25.29872],[55.43433,25.29858],[55.43496,25.29809],[55.43531,25.29782],[55.43552,25.29765],[55.43572,25.2975],[55.43575,25.29748],[55.43577,25.29746],[55.43617,25.29716],[55.43627,25.29708],[55.43697,25.29655],[55.43741,25.29703],[55.43765,25.29733],[55.43789,25.29766],[55.43823,25.29812],[55.43895,25.29912],[55.4462,25.30898],[55.44722,25.31036],[55.44748,25.31071],[55.44769,25.311],[55.44833,25.31184],[55.44893,25.31265],[55.44949,25.31343],[55.45016,25.31436],[55.45151,25.3162],[55.45156,25.31626]]]}},{"type":"Feature","id":8,"properties":{"id":8,"name":"القرائن - 2","en":"Al Qarain 2"},"geometry":{"type":"Polygon","coordinates":[[[55.54353,25.3104],[55.53904,25.31109],[55.5359,25.31157],[55.53445,25.3118],[55.52859,25.3127],[55.52842,25.31244],[55.52808,25.31185],[55.52608,25.30899],[55.52179,25.30284],[55.53462,25.29544],[55.54226,25.30638],[55.54228,25.30641],[55.54238,25.30656],[55.54248,25.30672],[55.54258,25.30688],[55.54265,25.30701],[55.54272,25.30714],[55.54282,25.30733],[55.54291,25.30752],[55.54299,25.30771],[55.54307,25.30791],[55.54314,25.30811],[55.5432,25.3083],[55.54326,25.3085],[55.54331,25.30871],[55.54336,25.30891],[55.5434,25.30911],[55.54343,25.3093],[55.54345,25.30948],[55.54347,25.30962],[55.54348,25.30975],[55.54353,25.3104]]]}},{"type":"Feature","id":9,"properties":{"id":9,"name":"الصناعية - 6","en":"Industrial 6"},"geometry":{"type":"Polygon","coordinates":[[[55.42349,25.33285],[55.41164,25.31608],[55.41511,25.31338],[55.41531,25.31323],[55.41537,25.31318],[55.41718,25.31179],[55.41797,25.31118],[55.41872,25.3106],[55.41932,25.31014],[55.41954,25.30997],[55.41966,25.30987],[55.41994,25.30966],[55.42004,25.30959],[55.42019,25.30947],[55.42025,25.30942],[55.42028,25.3094],[55.42085,25.30895],[55.43389,25.32668],[55.43355,25.32691],[55.4331,25.32716],[55.43291,25.32728],[55.432,25.32782],[55.43189,25.32788],[55.43139,25.32818],[55.43135,25.3282],[55.43043,25.32875],[55.42952,25.32928],[55.42926,25.32943],[55.42863,25.32981],[55.42818,25.33007],[55.42795,25.33021],[55.42775,25.33033],[55.42746,25.3305],[55.42718,25.33066],[55.42676,25.33091],[55.42638,25.33113],[55.42591,25.33141],[55.42476,25.3321],[55.42364,25.33276],[55.42349,25.33285]]]}},{"type":"Feature","id":10,"properties":{"id":10,"name":"القرائن - 3","en":"Al Qarain 3"},"geometry":{"type":"Polygon","coordinates":[[[55.53462,25.29544],[55.52179,25.30284],[55.51839,25.29797],[55.51769,25.29697],[55.51678,25.29568],[55.5166,25.29542],[55.52892,25.28832],[55.529,25.28827],[55.52915,25.28819],[55.5293,25.28811],[55.52946,25.28804],[55.52946,25.28805],[55.52975,25.28847],[55.52999,25.28881],[55.53462,25.29544]]]}},{"type":"Feature","id":11,"properties":{"id":11,"name":"القرائن","en":"Al Qarain"},"geometry":{"type":"Polygon","coordinates":[[[55.5438,25.31383],[55.5244,25.31682],[55.52438,25.31682],[55.51914,25.31763],[55.51913,25.31763],[55.51808,25.31779],[55.51798,25.31764],[55.5159,25.31466],[55.51639,25.31458],[55.51729,25.31444],[55.52027,25.31398],[55.52715,25.31292],[55.52859,25.3127],[55.53445,25.3118],[55.5359,25.31157],[55.53904,25.31109],[55.54353,25.3104],[55.5438,25.31383]]]}},{"type":"Feature","id":12,"properties":{"id":12,"name":"تجارية مويلح","en":"Muweilah Commercial"},"geometry":{"type":"Polygon","coordinates":[[[55.46525,25.33428],[55.46522,25.3343],[55.46449,25.33322],[55.46275,25.33098],[55.46213,25.33014],[55.45906,25.32597],[55.45632,25.32224],[55.4555,25.3212],[55.45445,25.3199],[55.45381,25.31915],[55.45313,25.31832],[55.45289,25.31801],[55.45258,25.31762],[55.4521,25.31699],[55.45156,25.31626],[55.45151,25.3162],[55.45016,25.31436],[55.44949,25.31343],[55.44893,25.31265],[55.44833,25.31184],[55.44769,25.311],[55.44748,25.31071],[55.44722,25.31036],[55.4462,25.30898],[55.43895,25.29912],[55.43823,25.29812],[55.43789,25.29766],[55.43765,25.29733],[55.43741,25.29703],[55.43697,25.29655],[55.4377,25.29598],[55.43809,25.29568],[55.4385,25.29537],[55.44158,25.29299],[55.44455,25.2907],[55.44609,25.28951],[55.447,25.2888],[55.44841,25.28773],[55.44927,25.28706],[55.4506,25.28603],[55.45239,25.28465],[55.45651,25.28148],[55.45808,25.28026],[55.45823,25.28016],[55.45837,25.28005],[55.45851,25.28027],[55.45814,25.28078],[55.45777,25.28158],[55.45725,25.28281],[55.45724,25.28284],[55.45719,25.28294],[55.45715,25.28304],[55.45712,25.28314],[55.45708,25.28325],[55.45704,25.28335],[55.45701,25.28346],[55.45698,25.28356],[55.45695,25.28367],[55.45693,25.28377],[55.4569,25.28388],[55.45688,25.28399],[55.45686,25.28409],[55.4568,25.28465],[55.4568,25.28473],[55.45679,25.28486],[55.45679,25.285],[55.45679,25.28513],[55.45679,25.28526],[55.45679,25.28532],[55.4568,25.28545],[55.45681,25.28558],[55.45682,25.28571],[55.45683,25.28585],[55.45685,25.28598],[55.45687,25.28614],[55.4569,25.2863],[55.45693,25.28646],[55.45696,25.28662],[55.457,25.28677],[55.45703,25.28693],[55.45708,25.28709],[55.45712,25.28724],[55.45717,25.2874],[55.45722,25.28755],[55.45727,25.28771],[55.45733,25.28786],[55.45739,25.28801],[55.45745,25.28816],[55.45752,25.28831],[55.45759,25.28846],[55.45766,25.28861],[55.45773,25.28876],[55.45781,25.2889],[55.45789,25.28905],[55.45797,25.28919],[55.45806,25.28933],[55.45814,25.28946],[55.45823,25.2896],[55.45832,25.28973],[55.45841,25.28986],[55.45843,25.28989],[55.46021,25.29232],[55.46029,25.29242],[55.46036,25.29252],[55.46042,25.29262],[55.46049,25.29272],[55.46055,25.29282],[55.46061,25.29293],[55.46067,25.29303],[55.46073,25.29314],[55.46079,25.29325],[55.46084,25.29336],[55.46089,25.29346],[55.46094,25.29357],[55.46099,25.29369],[55.46103,25.2938],[55.46107,25.29391],[55.46111,25.29402],[55.46115,25.29413],[55.46119,25.29425],[55.46122,25.29436],[55.46126,25.29448],[55.46129,25.29459],[55.46131,25.29471],[55.46134,25.29483],[55.46136,25.29494],[55.46138,25.29506],[55.4614,25.29518],[55.46142,25.29529],[55.46143,25.29541],[55.46144,25.29553],[55.46145,25.29565],[55.46146,25.29577],[55.46146,25.29589],[55.46147,25.296],[55.46147,25.29612],[55.46146,25.29624],[55.46146,25.29636],[55.46145,25.29648],[55.46145,25.2966],[55.46143,25.29671],[55.46142,25.29683],[55.46141,25.29695],[55.46139,25.29707],[55.46137,25.29719],[55.46134,25.2973],[55.46132,25.29742],[55.46129,25.29753],[55.46126,25.29765],[55.46123,25.29777],[55.4612,25.29788],[55.46116,25.29799],[55.46113,25.29811],[55.46109,25.29822],[55.46104,25.29833],[55.461,25.29844],[55.46095,25.29855],[55.46092,25.29864],[55.46087,25.29875],[55.46081,25.29886],[55.46076,25.29896],[55.4607,25.29907],[55.46064,25.29917],[55.46058,25.29928],[55.46052,25.29938],[55.46046,25.29949],[55.46039,25.29959],[55.46032,25.29969],[55.46025,25.29979],[55.46018,25.29989],[55.46011,25.29998],[55.46003,25.30008],[55.45995,25.30017],[55.45987,25.30027],[55.45979,25.30036],[55.45971,25.30045],[55.45962,25.30054],[55.45954,25.30063],[55.45945,25.30071],[55.45936,25.3008],[55.45927,25.30088],[55.45917,25.30097],[55.45908,25.30105],[55.45898,25.30113],[55.45889,25.3012],[55.45879,25.30128],[55.45869,25.30136],[55.45858,25.30143],[55.45848,25.3015],[55.45838,25.30157],[55.45827,25.30164],[55.45816,25.30171],[55.45729,25.30223],[55.45944,25.30516],[55.46598,25.30129],[55.46611,25.30122],[55.46623,25.30115],[55.46636,25.3011],[55.46649,25.30105],[55.46663,25.301],[55.46676,25.30096],[55.4669,25.30093],[55.46704,25.30091],[55.46718,25.30089],[55.46733,25.30088],[55.46747,25.30087],[55.46761,25.30087],[55.46786,25.30088],[55.46798,25.30089],[55.46809,25.3009],[55.46821,25.30092],[55.46833,25.30094],[55.46844,25.30098],[55.46855,25.30101],[55.46866,25.30106],[55.46876,25.30111],[55.46886,25.30116],[55.46896,25.30122],[55.46906,25.30129],[55.46914,25.30136],[55.46923,25.30143],[55.46931,25.30151],[55.46938,25.3016],[55.46945,25.30169],[55.47151,25.3045],[55.4715,25.3045],[55.47199,25.30515],[55.47347,25.30718],[55.48629,25.32461],[55.48709,25.32568],[55.47976,25.3277],[55.47969,25.32772],[55.47911,25.32786],[55.47853,25.32801],[55.47808,25.32816],[55.47707,25.32864],[55.47511,25.32953],[55.47255,25.33072],[55.46718,25.33321],[55.46711,25.33324],[55.46688,25.33335],[55.46665,25.33347],[55.46642,25.33359],[55.4662,25.33371],[55.46618,25.33372],[55.4659,25.33388],[55.46571,25.33399],[55.4655,25.33412],[55.46525,25.33428]]]}},{"type":"Feature","id":13,"properties":{"id":13,"name":"القرائن - 4","en":"Al Qarain 4"},"geometry":{"type":"Polygon","coordinates":[[[55.52946,25.28804],[55.5293,25.28811],[55.52915,25.28819],[55.529,25.28827],[55.52892,25.28832],[55.5166,25.29542],[55.51177,25.28849],[55.5103,25.28647],[55.50952,25.28535],[55.52298,25.27876],[55.52946,25.28804]]]}},{"type":"Feature","id":14,"properties":{"id":14,"name":"الفيحاء","en":"Al Fayha"},"geometry":{"type":"Polygon","coordinates":[[[55.41366,25.36073],[55.4134,25.36085],[55.41248,25.36124],[55.41209,25.3614],[55.41055,25.36206],[55.40955,25.36249],[55.40902,25.36271],[55.40862,25.36287],[55.40617,25.35965],[55.40582,25.35919],[55.40541,25.35864],[55.40519,25.35834],[55.40402,25.35679],[55.40364,25.35632],[55.40433,25.35618],[55.40435,25.35618],[55.40447,25.35615],[55.4046,25.35612],[55.40473,25.35609],[55.40485,25.35606],[55.40498,25.35602],[55.4051,25.35599],[55.40523,25.35595],[55.40535,25.3559],[55.40547,25.35586],[55.40559,25.35582],[55.40571,25.35577],[55.40583,25.35572],[55.40595,25.35567],[55.40604,25.35562],[55.40618,25.35556],[55.40645,25.35541],[55.40683,25.35522],[55.40765,25.35479],[55.40815,25.35453],[55.40839,25.35441],[55.40843,25.35439],[55.40884,25.35418],[55.41047,25.35646],[55.41366,25.36073]]]}},{"type":"Feature","id":15,"properties":{"id":15,"name":"اللية","en":"Allya"},"geometry":{"type":"Polygon","coordinates":[[[55.39042,25.36858],[55.39044,25.36908],[55.39038,25.36996],[55.39019,25.37193],[55.39015,25.37216],[55.38853,25.37206],[55.38872,25.36879],[55.38857,25.36833],[55.38679,25.36848],[55.38651,25.36779],[55.38369,25.3649],[55.37924,25.36149],[55.37727,25.36094],[55.37702,25.36054],[55.37701,25.36031],[55.37684,25.3592],[55.37678,25.3592],[55.37673,25.35919],[55.37667,25.35918],[55.37662,25.35916],[55.37657,25.35914],[55.37653,25.35911],[55.37649,25.35907],[55.37646,25.35903],[55.37643,25.35899],[55.37641,25.35895],[55.37639,25.3589],[55.37638,25.35885],[55.37638,25.35884],[55.37638,25.35883],[55.37638,25.35882],[55.37638,25.35881],[55.37639,25.35877],[55.3764,25.35872],[55.37641,25.35868],[55.37631,25.35864],[55.37621,25.3586],[55.37612,25.35855],[55.37602,25.3585],[55.37599,25.35848],[55.37588,25.35841],[55.37577,25.35833],[55.37567,25.35825],[55.37557,25.35816],[55.37548,25.35807],[55.37539,25.35797],[55.37531,25.35787],[55.37523,25.35777],[55.37523,25.35776],[55.3745,25.35665],[55.3731,25.35443],[55.3691,25.35161],[55.36908,25.35106],[55.36901,25.35089],[55.36895,25.35079],[55.36878,25.35055],[55.36856,25.35024],[55.36813,25.34963],[55.36793,25.34938],[55.3678,25.34922],[55.36743,25.34941],[55.36741,25.34939],[55.3674,25.34938],[55.36744,25.34934],[55.36777,25.34916],[55.36759,25.34884],[55.36753,25.34877],[55.36746,25.34859],[55.36731,25.34866],[55.36728,25.34867],[55.36726,25.34864],[55.36738,25.34857],[55.36754,25.34849],[55.36752,25.34838],[55.36742,25.34818],[55.36733,25.34807],[55.36727,25.348],[55.36725,25.34797],[55.36722,25.34794],[55.36716,25.34789],[55.36702,25.34765],[55.36694,25.34754],[55.36692,25.34748],[55.36681,25.34724],[55.36663,25.34708],[55.36653,25.34692],[55.3664,25.3468],[55.36632,25.34667],[55.36622,25.34649],[55.36615,25.34643],[55.36607,25.34635],[55.36601,25.34622],[55.3659,25.34603],[55.36585,25.34588],[55.36574,25.34578],[55.36564,25.34569],[55.36545,25.34563],[55.36541,25.34556],[55.36541,25.34555],[55.36543,25.34546],[55.36534,25.34537],[55.36529,25.34519],[55.3652,25.34497],[55.36658,25.34437],[55.36709,25.3441],[55.36758,25.34384],[55.36802,25.34359],[55.36903,25.34308],[55.37065,25.34221],[55.37184,25.34158],[55.37242,25.34126],[55.37565,25.3395],[55.37735,25.34189],[55.37741,25.34199],[55.37737,25.3423],[55.37734,25.34261],[55.37753,25.3427],[55.37756,25.34281],[55.37797,25.34348],[55.37805,25.34377],[55.37774,25.34607],[55.3777,25.3463],[55.37772,25.34637],[55.37773,25.34639],[55.37775,25.34646],[55.37779,25.34653],[55.37783,25.34659],[55.37788,25.34665],[55.37793,25.34671],[55.37799,25.34677],[55.37805,25.34682],[55.37812,25.34686],[55.37819,25.3469],[55.37826,25.34693],[55.37834,25.34696],[55.37842,25.34698],[55.3785,25.34699],[55.37858,25.347],[55.37867,25.347],[55.37869,25.347],[55.37876,25.34699],[55.38012,25.34678],[55.38057,25.3467],[55.38067,25.34666],[55.38105,25.34722],[55.3814,25.3477],[55.38124,25.34779],[55.38107,25.34789],[55.37776,25.34981],[55.37771,25.34985],[55.37766,25.34989],[55.37762,25.34994],[55.37759,25.34999],[55.37756,25.35005],[55.37754,25.3501],[55.37753,25.35016],[55.37735,25.35147],[55.37727,25.35203],[55.37722,25.35239],[55.37721,25.35247],[55.37721,25.35255],[55.37721,25.35262],[55.37722,25.3527],[55.37724,25.35278],[55.37777,25.35439],[55.37827,25.35603],[55.37867,25.35718],[55.37876,25.35728],[55.3788,25.35732],[55.37892,25.35743],[55.38125,25.35832],[55.38222,25.35908],[55.38368,25.36022],[55.38379,25.36031],[55.38648,25.36241],[55.38788,25.36421],[55.38796,25.36431],[55.38806,25.36444],[55.38943,25.36618],[55.38947,25.36623],[55.39011,25.36722],[55.39018,25.36736],[55.39024,25.36751],[55.39029,25.36765],[55.39033,25.3678],[55.39036,25.36792],[55.39038,25.36804],[55.3904,25.36817],[55.39042,25.36858]]]}},{"type":"Feature","id":16,"properties":{"id":16,"name":"ميناء خالد","en":"Myna Khald"},"geometry":{"type":"Polygon","coordinates":[[[55.38555,25.37631],[55.3855,25.37642],[55.38547,25.37647],[55.38575,25.3768],[55.38641,25.37755],[55.38692,25.37815],[55.38702,25.37821],[55.38708,25.37826],[55.38727,25.37854],[55.3877,25.37902],[55.38782,25.37904],[55.38791,25.37923],[55.38783,25.37929],[55.38773,25.37929],[55.38763,25.37924],[55.3869,25.3784],[55.38684,25.37832],[55.38619,25.37758],[55.38416,25.37524],[55.38292,25.37404],[55.3821,25.37342],[55.38164,25.37317],[55.38104,25.37282],[55.38067,25.37264],[55.37927,25.37184],[55.37826,25.37128],[55.37771,25.37098],[55.37549,25.36976],[55.37262,25.36817],[55.37047,25.36702],[55.37046,25.36691],[55.37058,25.36682],[55.37078,25.36693],[55.37088,25.36661],[55.37134,25.36524],[55.37219,25.36571],[55.37964,25.36985],[55.38308,25.37173],[55.38566,25.36932],[55.3787,25.36311],[55.37814,25.36339],[55.3781,25.36337],[55.37792,25.3631],[55.37603,25.36409],[55.37553,25.36334],[55.37332,25.36],[55.37295,25.35936],[55.37239,25.3585],[55.36759,25.36111],[55.36757,25.36109],[55.36748,25.36113],[55.36744,25.36109],[55.36712,25.36099],[55.36709,25.3611],[55.36704,25.36117],[55.36694,25.36119],[55.36691,25.36146],[55.3668,25.36226],[55.36673,25.36286],[55.36674,25.3631],[55.36679,25.36333],[55.36685,25.36349],[55.36696,25.3638],[55.36724,25.36372],[55.36743,25.3643],[55.36717,25.36437],[55.36808,25.36705],[55.36848,25.36815],[55.36873,25.36894],[55.3689,25.36943],[55.36898,25.36956],[55.36894,25.36967],[55.36884,25.36969],[55.36876,25.36959],[55.36875,25.3695],[55.36812,25.36773],[55.36781,25.36689],[55.3677,25.36657],[55.36759,25.3662],[55.36735,25.36544],[55.367,25.36448],[55.36688,25.36417],[55.36665,25.36337],[55.36656,25.363],[55.36661,25.36229],[55.36667,25.36176],[55.36674,25.36129],[55.36683,25.36052],[55.36731,25.35671],[55.36737,25.35586],[55.36693,25.35577],[55.36675,25.35565],[55.36665,25.3555],[55.36663,25.35535],[55.36668,25.35517],[55.36678,25.35502],[55.36705,25.35484],[55.36729,25.35474],[55.3675,25.35464],[55.36756,25.35451],[55.36762,25.35422],[55.36766,25.35384],[55.36768,25.35352],[55.36775,25.35311],[55.36786,25.35292],[55.36828,25.3527],[55.36833,25.35268],[55.36877,25.35247],[55.36916,25.35225],[55.3689,25.35196],[55.36863,25.35207],[55.36855,25.3519],[55.36881,25.35177],[55.36854,25.35173],[55.36846,25.3517],[55.36842,25.35161],[55.36846,25.35156],[55.36879,25.35161],[55.3691,25.35161],[55.3731,25.35443],[55.3745,25.35665],[55.37523,25.35776],[55.37523,25.35777],[55.37531,25.35787],[55.37539,25.35797],[55.37548,25.35807],[55.37557,25.35816],[55.37567,25.35825],[55.37577,25.35833],[55.37588,25.35841],[55.37599,25.35848],[55.37602,25.3585],[55.37612,25.35855],[55.37621,25.3586],[55.37631,25.35864],[55.37641,25.35868],[55.3764,25.35872],[55.37639,25.35877],[55.37638,25.35881],[55.37638,25.35882],[55.37638,25.35883],[55.37638,25.35884],[55.37638,25.35885],[55.37639,25.3589],[55.37641,25.35895],[55.37643,25.35899],[55.37646,25.35903],[55.37649,25.35907],[55.37653,25.35911],[55.37657,25.35914],[55.37662,25.35916],[55.37667,25.35918],[55.37673,25.35919],[55.37678,25.3592],[55.37684,25.3592],[55.37701,25.36031],[55.37702,25.36054],[55.37727,25.36094],[55.37924,25.36149],[55.38369,25.3649],[55.38651,25.36779],[55.38679,25.36848],[55.38857,25.36833],[55.38872,25.36879],[55.38853,25.37206],[55.38853,25.37321],[55.38856,25.37423],[55.38851,25.37424],[55.38846,25.37422],[55.38843,25.37336],[55.38757,25.37336],[55.38705,25.37354],[55.3861,25.37388],[55.3851,25.37424],[55.38478,25.37436],[55.38418,25.37478],[55.3854,25.37619],[55.38602,25.37576],[55.38591,25.37562],[55.38603,25.37553],[55.38623,25.37576],[55.38586,25.37603],[55.38555,25.37631]]]}},{"type":"Feature","id":17,"properties":{"id":17,"name":"المحطة","en":"Almhta"},"geometry":{"type":"Polygon","coordinates":[[[55.39839,25.34825],[55.39817,25.34838],[55.39667,25.34922],[55.39609,25.34954],[55.39523,25.35002],[55.39473,25.3503],[55.39277,25.3514],[55.39225,25.35168],[55.39158,25.35205],[55.39132,25.35213],[55.39117,25.3519],[55.39,25.35025],[55.38998,25.35021],[55.38971,25.34984],[55.38944,25.34945],[55.38928,25.34922],[55.38907,25.34893],[55.38891,25.34869],[55.38843,25.34801],[55.38836,25.34791],[55.39586,25.3436],[55.3961,25.34346],[55.39611,25.34346],[55.3963,25.34374],[55.39716,25.345],[55.39735,25.34528],[55.39741,25.34537],[55.3975,25.34551],[55.39759,25.34563],[55.39806,25.34632],[55.39819,25.3465],[55.39822,25.34655],[55.39836,25.34675],[55.39852,25.34701],[55.39865,25.34723],[55.39839,25.34825]]]}},{"type":"Feature","id":18,"properties":{"id":18,"name":"أم الطرافة","en":"Am Altrafa"},"geometry":{"type":"Polygon","coordinates":[[[55.39088,25.35339],[55.39012,25.35382],[55.39004,25.35387],[55.38996,25.35391],[55.38991,25.35393],[55.38986,25.35395],[55.38982,25.35397],[55.38975,25.35401],[55.38971,25.35403],[55.38936,25.35417],[55.38897,25.35433],[55.38868,25.35446],[55.38848,25.35457],[55.38825,25.35472],[55.38789,25.35496],[55.38752,25.35522],[55.38738,25.35532],[55.38696,25.35561],[55.38677,25.35534],[55.38657,25.35505],[55.38639,25.35479],[55.38619,25.35452],[55.38566,25.35375],[55.38552,25.35355],[55.38543,25.35343],[55.38527,25.3532],[55.38504,25.35287],[55.38493,25.35271],[55.38503,25.35263],[55.38509,25.35257],[55.38515,25.35252],[55.38522,25.35247],[55.38528,25.35243],[55.38536,25.35239],[55.38549,25.35233],[55.38563,25.35226],[55.38577,25.35221],[55.38592,25.35215],[55.38606,25.35211],[55.38622,25.35207],[55.38637,25.35204],[55.3864,25.35203],[55.38643,25.35202],[55.38645,25.35202],[55.38646,25.35202],[55.38648,25.35202],[55.38651,25.35201],[55.38656,25.352],[55.38657,25.352],[55.38659,25.352],[55.3866,25.352],[55.38662,25.35199],[55.38664,25.35199],[55.38666,25.35199],[55.38668,25.35199],[55.3867,25.35198],[55.38673,25.35198],[55.38675,25.35198],[55.38677,25.35197],[55.3868,25.35197],[55.38682,25.35197],[55.38684,25.35197],[55.38686,25.35197],[55.38688,25.35196],[55.3869,25.35196],[55.38691,25.35196],[55.38693,25.35196],[55.38694,25.35196],[55.387,25.35196],[55.38702,25.35196],[55.38704,25.35196],[55.38706,25.35196],[55.38708,25.35196],[55.38711,25.35195],[55.38713,25.35195],[55.38715,25.35195],[55.38717,25.35195],[55.38719,25.35195],[55.38722,25.35195],[55.38724,25.35195],[55.38726,25.35195],[55.38728,25.35195],[55.38731,25.35195],[55.38733,25.35195],[55.38735,25.35195],[55.38738,25.35195],[55.3874,25.35195],[55.38742,25.35195],[55.38745,25.35195],[55.38747,25.35195],[55.38749,25.35195],[55.38751,25.35195],[55.38753,25.35195],[55.38755,25.35195],[55.38758,25.35195],[55.3876,25.35195],[55.38764,25.35195],[55.38765,25.35195],[55.38767,25.35195],[55.3877,25.35196],[55.38772,25.35196],[55.38773,25.35196],[55.38775,25.35196],[55.38777,25.35196],[55.38778,25.35196],[55.38783,25.35196],[55.38787,25.35197],[55.38792,25.35197],[55.38796,25.35197],[55.38801,25.35198],[55.38805,25.35198],[55.3881,25.35199],[55.38814,25.35199],[55.38819,25.352],[55.38823,25.35201],[55.38826,25.35201],[55.38829,25.35202],[55.38832,25.35203],[55.38835,25.35203],[55.38839,25.35204],[55.38842,25.35205],[55.38845,25.35205],[55.38847,25.35206],[55.38848,25.35206],[55.3885,25.35207],[55.38904,25.35221],[55.38933,25.35228],[55.3899,25.35243],[55.39001,25.35246],[55.39025,25.35251],[55.3903,25.35253],[55.39035,25.35254],[55.39068,25.35262],[55.39082,25.35266],[55.39111,25.35274],[55.39088,25.35339]]]}},{"type":"Feature","id":19,"properties":{"id":19,"name":"القادسية","en":"Alqadsya"},"geometry":{"type":"Polygon","coordinates":[[[55.41446,25.36895],[55.41505,25.36951],[55.41511,25.36958],[55.41541,25.36988],[55.41567,25.37014],[55.41574,25.3702],[55.41594,25.3704],[55.41599,25.37044],[55.41648,25.37091],[55.41672,25.37115],[55.41714,25.37155],[55.4172,25.3716],[55.41794,25.37232],[55.41817,25.37254],[55.41822,25.37259],[55.41869,25.37305],[55.41873,25.37308],[55.4189,25.37325],[55.41893,25.37327],[55.4194,25.37372],[55.41957,25.37386],[55.41983,25.37408],[55.41992,25.37415],[55.42016,25.37434],[55.42023,25.37439],[55.42065,25.37473],[55.42082,25.37486],[55.42111,25.37509],[55.42117,25.37513],[55.42129,25.37523],[55.42141,25.37532],[55.42161,25.37548],[55.42187,25.37569],[55.42197,25.37576],[55.42297,25.37655],[55.4221,25.37745],[55.42131,25.3783],[55.42101,25.37859],[55.41976,25.37991],[55.41966,25.38002],[55.41883,25.3811],[55.41869,25.38137],[55.41844,25.38122],[55.41778,25.38089],[55.41733,25.38063],[55.41655,25.38023],[55.41536,25.3796],[55.4148,25.37927],[55.41464,25.37917],[55.41448,25.37908],[55.41394,25.37872],[55.41323,25.37819],[55.41244,25.37758],[55.41233,25.37751],[55.4117,25.37703],[55.41102,25.37646],[55.41047,25.37597],[55.41005,25.37556],[55.40946,25.37499],[55.40871,25.37422],[55.4081,25.37355],[55.40787,25.3733],[55.40813,25.37315],[55.40856,25.37289],[55.40928,25.37245],[55.41015,25.37194],[55.41114,25.37136],[55.41146,25.37116],[55.41211,25.37077],[55.41263,25.37042],[55.41283,25.37028],[55.41312,25.37005],[55.41344,25.3698],[55.41446,25.36895]]]}},{"type":"Feature","id":20,"properties":{"id":20,"name":"الرملة","en":"Alrmla"},"geometry":{"type":"Polygon","coordinates":[[[55.41141,25.35293],[55.41144,25.35296],[55.41148,25.353],[55.41152,25.35304],[55.41156,25.35307],[55.4116,25.35311],[55.41164,25.35314],[55.41168,25.35318],[55.41173,25.35321],[55.41177,25.35324],[55.41181,25.35327],[55.41186,25.3533],[55.4119,25.35333],[55.41194,25.35336],[55.41199,25.35339],[55.41204,25.35342],[55.41208,25.35345],[55.41213,25.35348],[55.41218,25.3535],[55.41223,25.35353],[55.41227,25.35355],[55.41232,25.35357],[55.41237,25.3536],[55.41242,25.35362],[55.41247,25.35364],[55.41252,25.35366],[55.41258,25.35368],[55.41263,25.3537],[55.41268,25.35372],[55.41273,25.35373],[55.41278,25.35375],[55.41284,25.35377],[55.41289,25.35378],[55.41292,25.35379],[55.41348,25.35389],[55.41351,25.35389],[55.41593,25.35419],[55.41609,25.35422],[55.41654,25.35428],[55.41673,25.3543],[55.417,25.35434],[55.41718,25.35436],[55.41735,25.35439],[55.41777,25.35444],[55.41801,25.35448],[55.41822,25.3545],[55.41838,25.35452],[55.41853,25.35455],[55.41885,25.35459],[55.41911,25.35462],[55.41924,25.35464],[55.41934,25.35466],[55.41961,25.35469],[55.41984,25.35472],[55.4201,25.35476],[55.42023,25.35478],[55.42039,25.3548],[55.42051,25.35481],[55.42062,25.35483],[55.42071,25.35484],[55.42083,25.35486],[55.42096,25.35487],[55.42172,25.35497],[55.422,25.35501],[55.42215,25.35503],[55.42223,25.35505],[55.42278,25.35512],[55.42285,25.35513],[55.42357,25.35522],[55.42359,25.35523],[55.42365,25.35524],[55.42373,25.35525],[55.42383,25.35526],[55.4239,25.35527],[55.42397,25.35528],[55.42405,25.35529],[55.42418,25.35531],[55.42429,25.35532],[55.42433,25.35533],[55.42436,25.35533],[55.42447,25.35535],[55.42453,25.35535],[55.42458,25.35536],[55.42466,25.35537],[55.42479,25.35539],[55.42792,25.35585],[55.42793,25.35586],[55.4195,25.36469],[55.41849,25.3638],[55.41807,25.36351],[55.41739,25.36308],[55.41672,25.36266],[55.41662,25.3626],[55.41598,25.36219],[55.41552,25.3619],[55.41499,25.36157],[55.41477,25.36143],[55.41434,25.36116],[55.41392,25.36088],[55.41366,25.36073],[55.41047,25.35646],[55.40884,25.35418],[55.40979,25.35369],[55.41006,25.35355],[55.41041,25.35337],[55.41055,25.3533],[55.41124,25.35296],[55.41137,25.35289],[55.41141,25.35293]]]}},{"type":"Feature","id":21,"properties":{"id":21,"name":"الناصرية","en":"Alnasrya"},"geometry":{"type":"Polygon","coordinates":[[[55.41446,25.36895],[55.41344,25.3698],[55.41312,25.37005],[55.41283,25.37028],[55.41263,25.37042],[55.41211,25.37077],[55.41146,25.37116],[55.41114,25.37136],[55.41015,25.37194],[55.40928,25.37245],[55.40856,25.37289],[55.40813,25.37315],[55.40787,25.3733],[55.40768,25.37308],[55.40716,25.3725],[55.40713,25.37247],[55.40705,25.37238],[55.40628,25.37151],[55.40626,25.37148],[55.40605,25.37124],[55.40576,25.37092],[55.40554,25.37067],[55.4049,25.36995],[55.40486,25.3699],[55.40447,25.36947],[55.40442,25.3694],[55.40417,25.36912],[55.40362,25.3685],[55.40347,25.36833],[55.40304,25.36785],[55.40246,25.36719],[55.40225,25.36696],[55.40223,25.36694],[55.40204,25.36672],[55.40155,25.36617],[55.40133,25.36595],[55.40165,25.36585],[55.40281,25.36535],[55.40338,25.3651],[55.4046,25.36458],[55.40571,25.36412],[55.40606,25.36396],[55.40689,25.36361],[55.40768,25.36328],[55.40862,25.36287],[55.40883,25.36318],[55.40923,25.36368],[55.41071,25.36523],[55.41079,25.3653],[55.41158,25.36609],[55.41197,25.36647],[55.41244,25.36694],[55.41293,25.36743],[55.413,25.36749],[55.41378,25.36827],[55.4139,25.3684],[55.41393,25.36843],[55.41395,25.36845],[55.41446,25.36895]]]}},{"type":"Feature","id":22,"properties":{"id":22,"name":"النباعة","en":"Alnbaaa"},"geometry":{"type":"Polygon","coordinates":[[[55.39715,25.36102],[55.3971,25.36114],[55.39772,25.36184],[55.39858,25.36281],[55.39943,25.36377],[55.4002,25.36464],[55.40066,25.36516],[55.40093,25.36546],[55.40117,25.36574],[55.40133,25.36595],[55.40109,25.36607],[55.40016,25.36655],[55.39926,25.367],[55.39819,25.36753],[55.39685,25.36819],[55.39627,25.36844],[55.39595,25.36858],[55.39588,25.36848],[55.39521,25.3676],[55.39362,25.36562],[55.39278,25.36458],[55.39121,25.36263],[55.39107,25.36245],[55.391,25.36234],[55.39122,25.36223],[55.3926,25.3616],[55.39313,25.36135],[55.39319,25.36132],[55.39343,25.36119],[55.39385,25.36096],[55.39499,25.36033],[55.39511,25.36031],[55.39715,25.36102]]]}},{"type":"Feature","id":23,"properties":{"id":23,"name":"الند","en":"Alnd"},"geometry":{"type":"Polygon","coordinates":[[[55.39035,25.33691],[55.39064,25.33706],[55.39095,25.33722],[55.39106,25.33728],[55.39134,25.33745],[55.39149,25.33755],[55.39153,25.33758],[55.39162,25.33764],[55.39168,25.33768],[55.39176,25.33773],[55.39181,25.33777],[55.39199,25.3379],[55.39213,25.33802],[55.39236,25.33822],[55.39247,25.33833],[55.39281,25.33866],[55.39295,25.33884],[55.39318,25.33912],[55.39335,25.33937],[55.39387,25.34012],[55.39404,25.34037],[55.39413,25.3405],[55.39428,25.34071],[55.39431,25.34076],[55.39509,25.34192],[55.3961,25.34346],[55.39586,25.3436],[55.38836,25.34791],[55.38826,25.34777],[55.38793,25.34732],[55.38745,25.34675],[55.38734,25.34664],[55.38719,25.34649],[55.38666,25.34601],[55.38656,25.34592],[55.38658,25.3459],[55.38671,25.34571],[55.38688,25.34537],[55.3872,25.34451],[55.38736,25.3441],[55.38739,25.34401],[55.38744,25.34383],[55.38749,25.34369],[55.38764,25.34318],[55.38774,25.34286],[55.38778,25.34273],[55.38781,25.34264],[55.38785,25.34246],[55.38808,25.34171],[55.38829,25.34103],[55.38852,25.3403],[55.3887,25.33971],[55.389,25.33881],[55.38915,25.33845],[55.38932,25.33804],[55.38952,25.33768],[55.38986,25.33711],[55.38997,25.33693],[55.39007,25.33676],[55.39035,25.33691]]]}},{"type":"Feature","id":24,"properties":{"id":24,"name":"اليرموك","en":"Alyrmwk"},"geometry":{"type":"Polygon","coordinates":[[[55.40884,25.35418],[55.40843,25.35439],[55.40839,25.35441],[55.40815,25.35453],[55.40765,25.35479],[55.40683,25.35522],[55.40645,25.35541],[55.40618,25.35556],[55.40604,25.35562],[55.40595,25.35567],[55.40583,25.35572],[55.40571,25.35577],[55.40559,25.35582],[55.40547,25.35586],[55.40535,25.3559],[55.40523,25.35595],[55.4051,25.35599],[55.40498,25.35602],[55.40485,25.35606],[55.40473,25.35609],[55.4046,25.35612],[55.40447,25.35615],[55.40435,25.35618],[55.40433,25.35618],[55.40364,25.35632],[55.40335,25.35567],[55.40245,25.35417],[55.4024,25.35409],[55.40186,25.35319],[55.40174,25.35298],[55.40147,25.35254],[55.40129,25.35224],[55.40105,25.35183],[55.40099,25.35173],[55.40091,25.3516],[55.40084,25.3515],[55.40069,25.35128],[55.40025,25.3507],[55.39939,25.34959],[55.39851,25.34846],[55.39839,25.34825],[55.39865,25.34723],[55.39889,25.34707],[55.40512,25.34352],[55.4064,25.34545],[55.41137,25.35289],[55.41124,25.35296],[55.41055,25.3533],[55.41041,25.35337],[55.41006,25.35355],[55.40979,25.35369],[55.40884,25.35418]]]}},{"type":"Feature","id":25,"properties":{"id":25,"name":"الخالدية","en":"Alkhaldya"},"geometry":{"type":"Polygon","coordinates":[[[55.37242,25.34126],[55.37184,25.34158],[55.37065,25.34221],[55.36903,25.34308],[55.36802,25.34359],[55.36758,25.34384],[55.36709,25.3441],[55.36658,25.34437],[55.3652,25.34497],[55.36502,25.34476],[55.36475,25.34442],[55.36447,25.34396],[55.36418,25.34364],[55.36413,25.34343],[55.36391,25.34314],[55.36344,25.34258],[55.36324,25.34225],[55.36265,25.34144],[55.36244,25.34109],[55.36205,25.34057],[55.36186,25.34026],[55.36178,25.34012],[55.36167,25.34018],[55.36164,25.34015],[55.36172,25.33996],[55.36185,25.33991],[55.36182,25.3398],[55.36172,25.33965],[55.36138,25.33917],[55.36125,25.33897],[55.36106,25.33872],[55.36089,25.33848],[55.36074,25.33828],[55.36062,25.33805],[55.36041,25.33782],[55.36032,25.3377],[55.36023,25.33758],[55.3601,25.33741],[55.36003,25.33728],[55.35988,25.33709],[55.35982,25.337],[55.35973,25.33689],[55.35937,25.3365],[55.35919,25.33627],[55.35906,25.3361],[55.359,25.336],[55.35891,25.33603],[55.3589,25.33599],[55.35944,25.33566],[55.35973,25.33547],[55.36034,25.33516],[55.3607,25.33497],[55.3609,25.33487],[55.36102,25.33481],[55.36114,25.33475],[55.36126,25.33469],[55.36163,25.33452],[55.36199,25.33435],[55.36235,25.33417],[55.3627,25.33399],[55.36588,25.33235],[55.36593,25.33232],[55.36727,25.33162],[55.36758,25.33147],[55.36789,25.33132],[55.36814,25.3312],[55.3684,25.33109],[55.36866,25.33098],[55.36893,25.33087],[55.36966,25.3306],[55.36999,25.3314],[55.37008,25.33158],[55.37565,25.3395],[55.37242,25.34126]]]}},{"type":"Feature","id":26,"properties":{"id":26,"name":"الرماقية","en":"Alrmaqya"},"geometry":{"type":"Polygon","coordinates":[[[55.46256,25.34859],[55.47094,25.35995],[55.46173,25.36453],[55.45317,25.3529],[55.46256,25.34859]]]}},{"type":"Feature","id":27,"properties":{"id":27,"name":"المريجة","en":"Almryja"},"geometry":{"type":"Polygon","coordinates":[[[55.38677,25.35534],[55.38649,25.35551],[55.38648,25.35551],[55.38647,25.35552],[55.38645,25.35553],[55.38644,25.35554],[55.38642,25.35555],[55.38641,25.35556],[55.38639,25.35557],[55.38638,25.35558],[55.38637,25.3556],[55.38635,25.35561],[55.38584,25.3561],[55.38574,25.35618],[55.38496,25.35691],[55.38454,25.35709],[55.38416,25.35763],[55.38348,25.35811],[55.38313,25.35839],[55.38239,25.35895],[55.38222,25.35908],[55.38125,25.35832],[55.37892,25.35743],[55.3788,25.35732],[55.37881,25.35731],[55.3789,25.35725],[55.3793,25.35698],[55.38097,25.35573],[55.38119,25.35557],[55.38165,25.35523],[55.38232,25.35473],[55.38374,25.35366],[55.38401,25.35345],[55.38464,25.35296],[55.38493,25.35271],[55.38504,25.35287],[55.38527,25.3532],[55.38543,25.35343],[55.38552,25.35355],[55.38566,25.35375],[55.38619,25.35452],[55.38639,25.35479],[55.38657,25.35505],[55.38677,25.35534]]]}},{"type":"Feature","id":28,"properties":{"id":28,"name":"حي العطين","en":"Hy Alatyn"},"geometry":{"type":"Polygon","coordinates":[[[55.58721,25.30528],[55.58679,25.30544],[55.58662,25.3055],[55.58637,25.30558],[55.58622,25.30563],[55.58583,25.30574],[55.58567,25.30578],[55.58542,25.30584],[55.58529,25.30586],[55.58475,25.30596],[55.58433,25.30602],[55.58341,25.30613],[55.58275,25.30621],[55.58162,25.30635],[55.58119,25.3064],[55.57917,25.30665],[55.57899,25.30667],[55.57868,25.30671],[55.57845,25.30674],[55.57803,25.30679],[55.57588,25.30705],[55.57571,25.30707],[55.5749,25.30718],[55.57266,25.30745],[55.57136,25.30761],[55.57127,25.30762],[55.57101,25.30766],[55.57076,25.3077],[55.5705,25.30775],[55.57024,25.3078],[55.56999,25.30787],[55.56974,25.30793],[55.56949,25.30801],[55.56924,25.30809],[55.56899,25.30817],[55.56875,25.30827],[55.56851,25.30836],[55.56827,25.30847],[55.56804,25.30858],[55.5678,25.30869],[55.56758,25.30881],[55.56735,25.30894],[55.56713,25.30907],[55.56692,25.30921],[55.5667,25.30935],[55.56653,25.30947],[55.56636,25.30959],[55.5662,25.30972],[55.56604,25.30984],[55.56528,25.31046],[55.56516,25.31056],[55.56497,25.31071],[55.56479,25.31084],[55.5646,25.31098],[55.5644,25.31111],[55.5642,25.31123],[55.564,25.31134],[55.56379,25.31146],[55.56358,25.31156],[55.56336,25.31166],[55.56314,25.31175],[55.56292,25.31184],[55.5627,25.31192],[55.56247,25.312],[55.56224,25.31207],[55.56201,25.31213],[55.56178,25.31219],[55.56154,25.31224],[55.5613,25.31228],[55.56107,25.31232],[55.56083,25.31235],[55.56059,25.31237],[55.56035,25.31239],[55.55977,25.31242],[55.55964,25.31033],[55.55964,25.3103],[55.55963,25.31016],[55.55904,25.30106],[55.55894,25.29985],[55.55891,25.29971],[55.55888,25.29958],[55.55885,25.29945],[55.55881,25.29931],[55.55877,25.29918],[55.55872,25.29905],[55.55868,25.29895],[55.55864,25.29885],[55.55859,25.29875],[55.55853,25.29863],[55.55847,25.29851],[55.5584,25.29839],[55.55943,25.2973],[55.56211,25.29437],[55.57428,25.28105],[55.57568,25.28051],[55.58721,25.30528]]]}},{"type":"Feature","id":29,"properties":{"id":29,"name":"كشيشة 4","en":"Kashisha 4"},"geometry":{"type":"Polygon","coordinates":[[[55.61883,25.35946],[55.61674,25.3599],[55.59951,25.364],[55.59655,25.3537],[55.61243,25.34992],[55.61282,25.34981],[55.61341,25.34967],[55.61449,25.34938],[55.6148,25.35024],[55.61511,25.35104],[55.61539,25.35178],[55.61563,25.35238],[55.6158,25.3528],[55.61594,25.35313],[55.61612,25.35356],[55.61629,25.35398],[55.61648,25.35441],[55.61673,25.35499],[55.61678,25.35511],[55.6169,25.35539],[55.61696,25.35551],[55.61714,25.35591],[55.61732,25.35631],[55.61761,25.35694],[55.61791,25.35758],[55.61821,25.3582],[55.61852,25.35883],[55.61883,25.35946]]]}},{"type":"Feature","id":30,"properties":{"id":30,"name":"السور","en":"Alswr"},"geometry":{"type":"Polygon","coordinates":[[[55.38745,25.35195],[55.38742,25.35195],[55.3874,25.35195],[55.38738,25.35195],[55.38735,25.35195],[55.38733,25.35195],[55.38731,25.35195],[55.38728,25.35195],[55.38726,25.35195],[55.38724,25.35195],[55.38722,25.35195],[55.38719,25.35195],[55.38717,25.35195],[55.38715,25.35195],[55.38713,25.35195],[55.38711,25.35195],[55.38708,25.35196],[55.38706,25.35196],[55.38704,25.35196],[55.38702,25.35196],[55.387,25.35196],[55.38694,25.35196],[55.38693,25.35196],[55.38691,25.35196],[55.3869,25.35196],[55.38688,25.35196],[55.38686,25.35197],[55.38684,25.35197],[55.38682,25.35197],[55.3868,25.35197],[55.38677,25.35197],[55.38675,25.35198],[55.38673,25.35198],[55.3867,25.35198],[55.38668,25.35199],[55.38666,25.35199],[55.38664,25.35199],[55.38662,25.35199],[55.3866,25.352],[55.38659,25.352],[55.38657,25.352],[55.38656,25.352],[55.38651,25.35201],[55.38648,25.35202],[55.38646,25.35202],[55.38645,25.35202],[55.38643,25.35202],[55.3864,25.35203],[55.38637,25.35204],[55.38622,25.35207],[55.38606,25.35211],[55.38592,25.35215],[55.38577,25.35221],[55.38563,25.35226],[55.38549,25.35233],[55.38536,25.35239],[55.38528,25.35243],[55.38522,25.35247],[55.38515,25.35252],[55.38509,25.35257],[55.38503,25.35263],[55.38493,25.35271],[55.38492,25.35271],[55.38483,25.35257],[55.38465,25.35232],[55.38384,25.35116],[55.38336,25.35047],[55.38225,25.34889],[55.3821,25.34867],[55.38192,25.34842],[55.38204,25.34837],[55.38232,25.34837],[55.38249,25.34843],[55.38262,25.34853],[55.38293,25.34895],[55.38321,25.34901],[55.38339,25.34894],[55.38397,25.34839],[55.38534,25.34725],[55.38604,25.34661],[55.38652,25.34599],[55.38656,25.34592],[55.38666,25.34601],[55.38719,25.34649],[55.38734,25.34664],[55.38745,25.34675],[55.38793,25.34732],[55.38826,25.34777],[55.38836,25.34791],[55.38843,25.34801],[55.38891,25.34869],[55.38907,25.34893],[55.38928,25.34922],[55.38944,25.34945],[55.38971,25.34984],[55.38998,25.35021],[55.39,25.35025],[55.39117,25.3519],[55.39132,25.35213],[55.39111,25.35274],[55.39082,25.35266],[55.39068,25.35262],[55.39035,25.35254],[55.3903,25.35253],[55.39025,25.35251],[55.39001,25.35246],[55.3899,25.35243],[55.38933,25.35228],[55.38904,25.35221],[55.3885,25.35207],[55.38848,25.35206],[55.38847,25.35206],[55.38845,25.35205],[55.38842,25.35205],[55.38839,25.35204],[55.38835,25.35203],[55.38832,25.35203],[55.38829,25.35202],[55.38826,25.35201],[55.38823,25.35201],[55.38819,25.352],[55.38814,25.35199],[55.3881,25.35199],[55.38805,25.35198],[55.38801,25.35198],[55.38796,25.35197],[55.38792,25.35197],[55.38787,25.35197],[55.38783,25.35196],[55.38778,25.35196],[55.38777,25.35196],[55.38775,25.35196],[55.38773,25.35196],[55.38772,25.35196],[55.3877,25.35196],[55.38767,25.35195],[55.38765,25.35195],[55.38764,25.35195],[55.3876,25.35195],[55.38758,25.35195],[55.38755,25.35195],[55.38753,25.35195],[55.38751,25.35195],[55.38749,25.35195],[55.38747,25.35195],[55.38745,25.35195]]]}},{"type":"Feature","id":31,"properties":{"id":31,"name":"النوف 1","en":"Alnwf 1"},"geometry":{"type":"Polygon","coordinates":[[[55.50952,25.28535],[55.49903,25.29047],[55.49902,25.29046],[55.49122,25.27927],[55.50171,25.27415],[55.50952,25.28535]]]}},{"type":"Feature","id":32,"properties":{"id":32,"name":"النوف 2","en":"Alnwf 2"},"geometry":{"type":"Polygon","coordinates":[[[55.52298,25.27876],[55.50952,25.28535],[55.50171,25.27415],[55.50349,25.27328],[55.51346,25.26841],[55.51518,25.26757],[55.52298,25.27876]]]}},{"type":"Feature","id":33,"properties":{"id":33,"name":"النوف 3","en":"Alnwf 3"},"geometry":{"type":"Polygon","coordinates":[[[55.50171,25.27415],[55.49122,25.27927],[55.49121,25.27926],[55.4859,25.27164],[55.48558,25.27117],[55.48532,25.2706],[55.48524,25.27044],[55.48471,25.26927],[55.48748,25.26824],[55.49548,25.26522],[55.50171,25.27415]]]}},{"type":"Feature","id":34,"properties":{"id":34,"name":"النوف 4","en":"Alnwf 4"},"geometry":{"type":"Polygon","coordinates":[[[55.51518,25.26757],[55.51346,25.26841],[55.50349,25.27328],[55.50171,25.27415],[55.49548,25.26522],[55.50975,25.25979],[55.51518,25.26757]]]}},{"type":"Feature","id":35,"properties":{"id":35,"name":"المنصورة","en":"Almnswra"},"geometry":{"type":"Polygon","coordinates":[[[55.4195,25.36469],[55.41817,25.36583],[55.41581,25.36784],[55.41561,25.36801],[55.41446,25.36895],[55.41395,25.36845],[55.41393,25.36843],[55.4139,25.3684],[55.41378,25.36827],[55.413,25.36749],[55.41293,25.36743],[55.41244,25.36694],[55.41197,25.36647],[55.41158,25.36609],[55.41079,25.3653],[55.41071,25.36523],[55.40923,25.36368],[55.40883,25.36318],[55.40862,25.36287],[55.40902,25.36271],[55.40955,25.36249],[55.41055,25.36206],[55.41209,25.3614],[55.41248,25.36124],[55.4134,25.36085],[55.41366,25.36073],[55.41392,25.36088],[55.41434,25.36116],[55.41477,25.36143],[55.41499,25.36157],[55.41552,25.3619],[55.41598,25.36219],[55.41662,25.3626],[55.41672,25.36266],[55.41739,25.36308],[55.41807,25.36351],[55.41849,25.3638],[55.4195,25.36469]]]}},{"type":"Feature","id":36,"properties":{"id":36,"name":"بوشغارة","en":"Bwshghara"},"geometry":{"type":"Polygon","coordinates":[[[55.40265,25.3397],[55.40228,25.33991],[55.39611,25.34346],[55.3961,25.34346],[55.39509,25.34192],[55.39431,25.34076],[55.39428,25.34071],[55.39413,25.3405],[55.39404,25.34037],[55.39387,25.34012],[55.39335,25.33937],[55.39318,25.33912],[55.39295,25.33884],[55.39281,25.33866],[55.39247,25.33833],[55.39236,25.33822],[55.39213,25.33802],[55.39199,25.3379],[55.39181,25.33777],[55.39176,25.33773],[55.39168,25.33768],[55.39162,25.33764],[55.39153,25.33758],[55.39149,25.33755],[55.39134,25.33745],[55.39106,25.33728],[55.39095,25.33722],[55.39064,25.33706],[55.39035,25.33691],[55.39007,25.33676],[55.39031,25.33638],[55.39048,25.33611],[55.39055,25.33598],[55.39087,25.33551],[55.39114,25.33509],[55.39155,25.33446],[55.39217,25.33353],[55.39274,25.33265],[55.39316,25.33202],[55.39422,25.33033],[55.39425,25.33029],[55.39429,25.33022],[55.39434,25.33014],[55.39438,25.33007],[55.39439,25.33006],[55.39443,25.32997],[55.39445,25.32994],[55.39448,25.32985],[55.39451,25.32976],[55.39454,25.32967],[55.39455,25.32958],[55.39457,25.32949],[55.39457,25.32945],[55.39458,25.32936],[55.39458,25.32927],[55.39459,25.32918],[55.39459,25.32915],[55.3946,25.32904],[55.39462,25.32893],[55.39464,25.32882],[55.39467,25.32871],[55.39471,25.3286],[55.39475,25.32849],[55.3948,25.32839],[55.39482,25.32835],[55.39487,25.32826],[55.39492,25.32817],[55.39493,25.32817],[55.39493,25.32816],[55.39566,25.32907],[55.39592,25.32941],[55.39617,25.32976],[55.39642,25.33011],[55.39666,25.33046],[55.39689,25.33082],[55.39707,25.33109],[55.39819,25.33277],[55.39833,25.33298],[55.39847,25.33319],[55.39892,25.3339],[55.3991,25.33417],[55.39926,25.33444],[55.39943,25.33472],[55.39974,25.33524],[55.39991,25.33552],[55.40007,25.33579],[55.40025,25.33606],[55.40034,25.3362],[55.40076,25.33686],[55.40119,25.33751],[55.40163,25.33816],[55.40168,25.33823],[55.40199,25.33869],[55.4023,25.33916],[55.40261,25.33963],[55.40265,25.3397]]]}},{"type":"Feature","id":37,"properties":{"id":37,"name":"الجبيل","en":"Aljbyl"},"geometry":{"type":"Polygon","coordinates":[[[55.38119,25.35557],[55.38097,25.35573],[55.3793,25.35698],[55.3789,25.35725],[55.37881,25.35731],[55.3788,25.35732],[55.37876,25.35728],[55.37867,25.35718],[55.37827,25.35603],[55.37777,25.35439],[55.37724,25.35278],[55.37722,25.3527],[55.37721,25.35262],[55.37721,25.35255],[55.37721,25.35247],[55.37722,25.35239],[55.37727,25.35203],[55.37735,25.35147],[55.37753,25.35016],[55.37754,25.3501],[55.37756,25.35005],[55.37759,25.34999],[55.37762,25.34994],[55.37766,25.34989],[55.37771,25.34985],[55.37776,25.34981],[55.38107,25.34789],[55.38124,25.34779],[55.3814,25.3477],[55.38192,25.34842],[55.3821,25.34867],[55.38225,25.34889],[55.38336,25.35047],[55.38384,25.35116],[55.38465,25.35232],[55.38483,25.35257],[55.38492,25.35271],[55.38493,25.35271],[55.38464,25.35296],[55.38401,25.35345],[55.38374,25.35366],[55.38232,25.35473],[55.38165,25.35523],[55.38119,25.35557]]]}},{"type":"Feature","id":38,"properties":{"id":38,"name":"الصناعية - 15","en":"Industrial 15"},"geometry":{"type":"Polygon","coordinates":[[[55.447,25.2888],[55.44609,25.28951],[55.44455,25.2907],[55.44158,25.29299],[55.4385,25.29537],[55.43809,25.29568],[55.4377,25.29598],[55.43697,25.29655],[55.43645,25.29601],[55.43633,25.29588],[55.42768,25.28672],[55.44089,25.28172],[55.44657,25.28785],[55.447,25.2888]]]}},{"type":"Feature","id":39,"properties":{"id":39,"name":"الشهباء","en":"Alshhba"},"geometry":{"type":"Polygon","coordinates":[[[55.43975,25.33466],[55.43927,25.33492],[55.43738,25.336],[55.43694,25.33624],[55.43617,25.33669],[55.43564,25.33699],[55.43513,25.33726],[55.43482,25.33745],[55.4344,25.33769],[55.43425,25.33779],[55.43376,25.33806],[55.43341,25.33827],[55.43277,25.33863],[55.43259,25.33873],[55.43231,25.3389],[55.43203,25.33905],[55.43172,25.33923],[55.43133,25.33945],[55.43113,25.33957],[55.43091,25.33969],[55.43051,25.33992],[55.43049,25.33993],[55.43026,25.34007],[55.43005,25.3402],[55.42955,25.34048],[55.42909,25.34074],[55.42886,25.34042],[55.42735,25.33828],[55.42704,25.33785],[55.42677,25.33747],[55.42662,25.33726],[55.4258,25.33612],[55.42349,25.33285],[55.42364,25.33276],[55.42476,25.3321],[55.42591,25.33141],[55.42638,25.33113],[55.42676,25.33091],[55.42718,25.33066],[55.42746,25.3305],[55.42775,25.33033],[55.42795,25.33021],[55.42818,25.33007],[55.42863,25.32981],[55.42926,25.32943],[55.42952,25.32928],[55.43043,25.32875],[55.43135,25.3282],[55.43139,25.32818],[55.43189,25.32788],[55.432,25.32782],[55.43291,25.32728],[55.4331,25.32716],[55.43355,25.32691],[55.43389,25.32668],[55.43975,25.33466]]]}},{"type":"Feature","id":40,"properties":{"id":40,"name":"موافجة","en":"Mwafja"},"geometry":{"type":"Polygon","coordinates":[[[55.47965,25.35465],[55.47094,25.35995],[55.46256,25.34859],[55.46296,25.34835],[55.46345,25.34805],[55.46402,25.3477],[55.46418,25.34761],[55.46679,25.34601],[55.46874,25.34482],[55.46908,25.34462],[55.47032,25.34386],[55.4715,25.34314],[55.47566,25.34878],[55.47631,25.3497],[55.47897,25.35365],[55.47965,25.35465]]]}},{"type":"Feature","id":41,"properties":{"id":41,"name":"الصناعية - 12","en":"Industrial 12"},"geometry":{"type":"Polygon","coordinates":[[[55.43389,25.32668],[55.42085,25.30895],[55.42137,25.30856],[55.4214,25.30854],[55.42146,25.30849],[55.42155,25.30842],[55.4218,25.30823],[55.42189,25.30816],[55.42201,25.30806],[55.42259,25.30762],[55.42266,25.30757],[55.42302,25.30729],[55.42308,25.30725],[55.42343,25.30697],[55.4237,25.30677],[55.42401,25.30653],[55.42409,25.30647],[55.42449,25.30616],[55.42462,25.30606],[55.42493,25.30582],[55.42532,25.30552],[55.42562,25.30529],[55.42586,25.30511],[55.4262,25.30484],[55.42646,25.30464],[55.42652,25.30459],[55.42664,25.30451],[55.42693,25.30428],[55.42698,25.30424],[55.42705,25.30419],[55.42709,25.30416],[55.42729,25.304],[55.42753,25.30382],[55.42777,25.30363],[55.42788,25.30355],[55.42806,25.30341],[55.42811,25.30338],[55.42823,25.30328],[55.42835,25.30319],[55.42915,25.30257],[55.44266,25.32154],[55.44184,25.32201],[55.44133,25.32229],[55.44047,25.32282],[55.44019,25.32298],[55.43919,25.32357],[55.43854,25.32395],[55.43803,25.32426],[55.43676,25.325],[55.43638,25.32521],[55.43562,25.32567],[55.43519,25.32592],[55.43389,25.32668]]]}},{"type":"Feature","id":42,"properties":{"id":42,"name":"المناخ","en":"Almnakh"},"geometry":{"type":"Polygon","coordinates":[[[55.39839,25.34825],[55.39851,25.34846],[55.39939,25.34959],[55.40025,25.3507],[55.40069,25.35128],[55.40084,25.3515],[55.40091,25.3516],[55.40099,25.35173],[55.40105,25.35183],[55.40129,25.35224],[55.40147,25.35254],[55.40174,25.35298],[55.40186,25.35319],[55.4024,25.35409],[55.40245,25.35417],[55.40335,25.35567],[55.40364,25.35632],[55.40296,25.35621],[55.40278,25.35615],[55.40259,25.35608],[55.40241,25.35601],[55.40223,25.35594],[55.40205,25.35587],[55.4019,25.35581],[55.40152,25.35565],[55.4011,25.3555],[55.40098,25.35546],[55.40088,25.35543],[55.4002,25.35526],[55.39942,25.35505],[55.39887,25.35491],[55.39882,25.3549],[55.39866,25.35486],[55.39828,25.35476],[55.39751,25.35455],[55.39716,25.35447],[55.39648,25.35429],[55.39584,25.35412],[55.39544,25.35401],[55.39492,25.35388],[55.39443,25.35374],[55.39402,25.35362],[55.3936,25.3535],[55.39333,25.35342],[55.39294,25.35331],[55.39262,25.35321],[55.3925,25.35318],[55.39237,25.35314],[55.39223,25.35309],[55.39219,25.35308],[55.39179,25.35295],[55.39154,25.35286],[55.39111,25.35274],[55.39132,25.35213],[55.39158,25.35205],[55.39225,25.35168],[55.39277,25.3514],[55.39473,25.3503],[55.39523,25.35002],[55.39609,25.34954],[55.39667,25.34922],[55.39817,25.34838],[55.39839,25.34825]]]}},{"type":"Feature","id":43,"properties":{"id":43,"name":"الرمثاء","en":"Alrmtha"},"geometry":{"type":"Polygon","coordinates":[[[55.46173,25.36453],[55.46076,25.36503],[55.46057,25.36514],[55.45849,25.36629],[55.45702,25.36712],[55.45617,25.36759],[55.45459,25.36848],[55.45261,25.36961],[55.45213,25.36992],[55.44322,25.36031],[55.44315,25.36024],[55.44282,25.35987],[55.44238,25.35938],[55.44196,25.35888],[55.44155,25.35838],[55.4416,25.35834],[55.44174,25.35825],[55.44188,25.35816],[55.44202,25.35808],[55.44216,25.358],[55.44218,25.35798],[55.44233,25.3579],[55.44248,25.35782],[55.44264,25.35774],[55.44279,25.35766],[55.44295,25.35759],[55.44301,25.35756],[55.44542,25.35645],[55.44559,25.35638],[55.4458,25.35627],[55.44618,25.3561],[55.44639,25.356],[55.44708,25.35569],[55.44748,25.3555],[55.44801,25.35526],[55.44853,25.35502],[55.44894,25.35483],[55.4491,25.35476],[55.44959,25.35454],[55.44987,25.35441],[55.45044,25.35415],[55.45074,25.35401],[55.45181,25.35352],[55.45222,25.35333],[55.45248,25.35321],[55.45317,25.3529],[55.46173,25.36453]]]}},{"type":"Feature","id":44,"properties":{"id":44,"name":"السويحات","en":"Alswyhat"},"geometry":{"type":"Polygon","coordinates":[[[55.46256,25.34859],[55.45317,25.3529],[55.44746,25.34514],[55.4492,25.34433],[55.44945,25.34422],[55.45019,25.34386],[55.45245,25.34283],[55.45275,25.34268],[55.45325,25.34244],[55.45396,25.34204],[55.45457,25.34164],[55.4549,25.34142],[55.45641,25.34037],[55.45646,25.34034],[55.46256,25.34859]]]}},{"type":"Feature","id":45,"properties":{"id":45,"name":"ميسلون","en":"Myslwn"},"geometry":{"type":"Polygon","coordinates":[[[55.40862,25.36287],[55.40768,25.36328],[55.40689,25.36361],[55.40606,25.36396],[55.40571,25.36412],[55.4046,25.36458],[55.40338,25.3651],[55.40281,25.36535],[55.40165,25.36585],[55.40133,25.36595],[55.40117,25.36574],[55.40093,25.36546],[55.40066,25.36516],[55.4002,25.36464],[55.39943,25.36377],[55.39858,25.36281],[55.39772,25.36184],[55.3971,25.36114],[55.39715,25.36102],[55.3972,25.36088],[55.39774,25.36071],[55.39776,25.36071],[55.39781,25.36069],[55.39786,25.36068],[55.39791,25.36066],[55.39796,25.36065],[55.39801,25.36063],[55.39805,25.36062],[55.3981,25.3606],[55.39815,25.36058],[55.39822,25.36055],[55.39828,25.36052],[55.39835,25.36049],[55.39841,25.36046],[55.39848,25.36042],[55.39854,25.36039],[55.3986,25.36036],[55.39866,25.36032],[55.39873,25.36028],[55.39879,25.36025],[55.39885,25.36021],[55.39891,25.36017],[55.39896,25.36013],[55.39902,25.36008],[55.39904,25.36007],[55.39921,25.35994],[55.39937,25.35981],[55.39944,25.35976],[55.39944,25.35975],[55.39945,25.35975],[55.39945,25.35974],[55.39963,25.35961],[55.39964,25.35961],[55.39974,25.35953],[55.40006,25.35928],[55.40007,25.35927],[55.40015,25.35921],[55.40066,25.35882],[55.40101,25.35855],[55.40133,25.3583],[55.40155,25.35813],[55.40199,25.35783],[55.402,25.35783],[55.40274,25.35734],[55.40279,25.3573],[55.40284,25.35726],[55.40289,25.35721],[55.40294,25.35717],[55.40298,25.35712],[55.40303,25.35707],[55.40307,25.35703],[55.40312,25.35698],[55.40316,25.35693],[55.4032,25.35688],[55.40324,25.35683],[55.40326,25.35681],[55.40364,25.35632],[55.40402,25.35679],[55.40519,25.35834],[55.40541,25.35864],[55.40582,25.35919],[55.40617,25.35965],[55.40862,25.36287]]]}},{"type":"Feature","id":46,"properties":{"id":46,"name":"الحومة","en":"Al Houmah"},"geometry":{"type":"Polygon","coordinates":[[[55.48929,25.36036],[55.48532,25.36231],[55.47578,25.36699],[55.46708,25.37126],[55.45842,25.37549],[55.45768,25.37589],[55.45702,25.37518],[55.45301,25.37086],[55.45213,25.36992],[55.45261,25.36961],[55.45459,25.36848],[55.45617,25.36759],[55.45702,25.36712],[55.45849,25.36629],[55.46057,25.36514],[55.46076,25.36503],[55.46173,25.36453],[55.47094,25.35995],[55.47965,25.35465],[55.47986,25.35496],[55.47998,25.35516],[55.4801,25.35536],[55.48024,25.35556],[55.48038,25.35575],[55.48052,25.35594],[55.48068,25.35612],[55.48084,25.3563],[55.481,25.35647],[55.48117,25.35664],[55.48135,25.35681],[55.48153,25.35697],[55.48171,25.35712],[55.48191,25.35727],[55.4821,25.35742],[55.4823,25.35756],[55.48251,25.35769],[55.48272,25.35782],[55.48293,25.35794],[55.48315,25.35805],[55.48337,25.35816],[55.4836,25.35827],[55.48383,25.35837],[55.48406,25.35846],[55.4843,25.35854],[55.48439,25.35857],[55.48463,25.35865],[55.48487,25.35872],[55.48512,25.35878],[55.48536,25.35883],[55.48561,25.35888],[55.48586,25.35893],[55.48612,25.35896],[55.48637,25.35899],[55.48662,25.35901],[55.48688,25.35902],[55.48713,25.35903],[55.48738,25.35903],[55.48764,25.35902],[55.48789,25.35901],[55.48815,25.35898],[55.4884,25.35896],[55.48865,25.35892],[55.4889,25.35888],[55.48931,25.35878],[55.49147,25.35827],[55.49242,25.35804],[55.49277,25.35866],[55.48929,25.36036]]]}},{"type":"Feature","id":47,"properties":{"id":47,"name":"الرقعة الحمراء","en":"Al Raqa Al Hamra"},"geometry":{"type":"Polygon","coordinates":[[[55.49147,25.35827],[55.48931,25.35878],[55.4889,25.35888],[55.48865,25.35892],[55.4884,25.35896],[55.48815,25.35898],[55.48789,25.35901],[55.48764,25.35902],[55.48738,25.35903],[55.48713,25.35903],[55.48688,25.35902],[55.48662,25.35901],[55.48637,25.35899],[55.48612,25.35896],[55.48586,25.35893],[55.48561,25.35888],[55.48536,25.35883],[55.48512,25.35878],[55.48487,25.35872],[55.48463,25.35865],[55.48439,25.35857],[55.4843,25.35854],[55.48406,25.35846],[55.48383,25.35837],[55.4836,25.35827],[55.48337,25.35816],[55.48315,25.35805],[55.48293,25.35794],[55.48272,25.35782],[55.48251,25.35769],[55.4823,25.35756],[55.4821,25.35742],[55.48191,25.35727],[55.48171,25.35712],[55.48153,25.35697],[55.48135,25.35681],[55.48117,25.35664],[55.481,25.35647],[55.48084,25.3563],[55.48068,25.35612],[55.48052,25.35594],[55.48038,25.35575],[55.48024,25.35556],[55.4801,25.35536],[55.47998,25.35516],[55.47986,25.35496],[55.47965,25.35465],[55.47897,25.35365],[55.47631,25.3497],[55.47566,25.34878],[55.4715,25.34314],[55.47096,25.3424],[55.47051,25.34177],[55.46633,25.33584],[55.46589,25.33522],[55.46522,25.3343],[55.46525,25.33428],[55.4655,25.33412],[55.46571,25.33399],[55.4659,25.33388],[55.46618,25.33372],[55.4662,25.33371],[55.46642,25.33359],[55.46665,25.33347],[55.46688,25.33335],[55.46711,25.33324],[55.46718,25.33321],[55.47255,25.33072],[55.48695,25.35002],[55.49081,25.34784],[55.49572,25.35452],[55.49722,25.35657],[55.49581,25.35717],[55.49377,25.35817],[55.49277,25.35866],[55.49242,25.35804],[55.49147,25.35827]]]}},{"type":"Feature","id":48,"properties":{"id":48,"name":"المجرة","en":"Almjra"},"geometry":{"type":"Polygon","coordinates":[[[55.39521,25.3676],[55.39588,25.36848],[55.39595,25.36858],[55.39572,25.36871],[55.39474,25.36921],[55.39362,25.36976],[55.3928,25.37016],[55.39253,25.3703],[55.39237,25.37007],[55.39194,25.36944],[55.39154,25.36887],[55.39126,25.36844],[55.3912,25.36835],[55.39112,25.36822],[55.39061,25.36749],[55.39039,25.36717],[55.39033,25.36709],[55.39011,25.36722],[55.38947,25.36623],[55.38943,25.36618],[55.38806,25.36444],[55.38796,25.36431],[55.38813,25.36419],[55.39073,25.3625],[55.39081,25.36244],[55.391,25.36234],[55.39107,25.36245],[55.39121,25.36263],[55.39278,25.36458],[55.39362,25.36562],[55.39521,25.3676]]]}},{"type":"Feature","id":49,"properties":{"id":49,"name":"المرقاب","en":"Almrqab"},"geometry":{"type":"Polygon","coordinates":[[[55.4322,25.39074],[55.43194,25.39089],[55.42954,25.39229],[55.42936,25.39245],[55.42922,25.39275],[55.42922,25.39301],[55.4291,25.3931],[55.42843,25.39321],[55.42776,25.3933],[55.42764,25.39329],[55.42743,25.39356],[55.42114,25.38938],[55.42056,25.38905],[55.41998,25.38873],[55.41988,25.38867],[55.41979,25.38862],[55.41941,25.38843],[55.41903,25.38824],[55.4187,25.38808],[55.41856,25.38802],[55.41817,25.38785],[55.41778,25.38768],[55.41745,25.38754],[55.41737,25.38751],[55.41697,25.38736],[55.41657,25.38721],[55.41641,25.38715],[55.41623,25.38709],[55.41557,25.38687],[55.4153,25.38676],[55.41543,25.38652],[55.4158,25.38595],[55.41592,25.38575],[55.41607,25.38553],[55.41616,25.38538],[55.41623,25.38526],[55.41633,25.3851],[55.41643,25.38494],[55.41666,25.38458],[55.41711,25.38387],[55.41713,25.38383],[55.41733,25.38353],[55.4177,25.38294],[55.4178,25.38279],[55.41855,25.3816],[55.41869,25.38137],[55.41894,25.38153],[55.42109,25.38301],[55.42159,25.38335],[55.42348,25.3847],[55.42657,25.38681],[55.43063,25.38962],[55.43163,25.39033],[55.4322,25.39074]]]}},{"type":"Feature","id":50,"properties":{"id":50,"name":"كشيشة 5","en":"Kashisha 5"},"geometry":{"type":"Polygon","coordinates":[[[55.61449,25.34938],[55.61341,25.34967],[55.61282,25.34981],[55.61243,25.34992],[55.59655,25.3537],[55.59405,25.34504],[55.59352,25.34321],[55.59567,25.3427],[55.60901,25.33952],[55.61112,25.33882],[55.61306,25.34512],[55.6134,25.34622],[55.61392,25.34781],[55.61449,25.34938]]]}},{"type":"Feature","id":51,"properties":{"id":51,"name":"كشيشة 3","en":"Kashisha 3"},"geometry":{"type":"Polygon","coordinates":[[[55.59352,25.34321],[55.59139,25.34371],[55.57838,25.34681],[55.57804,25.3469],[55.57794,25.34658],[55.57517,25.33696],[55.57499,25.33633],[55.57435,25.33411],[55.58992,25.33071],[55.59048,25.33265],[55.59066,25.33327],[55.59299,25.34136],[55.59352,25.34321]]]}},{"type":"Feature","id":52,"properties":{"id":52,"name":"شغرافة 3","en":"Shghrafa 3"},"geometry":{"type":"Polygon","coordinates":[[[55.58106,25.35738],[55.58115,25.3577],[55.58296,25.36399],[55.58169,25.36387],[55.57264,25.36369],[55.57263,25.36369],[55.57222,25.36368],[55.57171,25.36368],[55.5712,25.36367],[55.57044,25.36367],[55.56968,25.36367],[55.56892,25.36368],[55.56668,25.35593],[55.56548,25.35176],[55.56497,25.35],[55.56703,25.34951],[55.57769,25.34697],[55.57804,25.3469],[55.57812,25.34721],[55.58095,25.35701],[55.58106,25.35738]]]}},{"type":"Feature","id":53,"properties":{"id":53,"name":"الجرينة","en":"Al Juraina"},"geometry":{"type":"Polygon","coordinates":[[[55.48558,25.27117],[55.4859,25.27164],[55.49121,25.27926],[55.49122,25.27927],[55.49902,25.29046],[55.48838,25.29566],[55.48773,25.29471],[55.48111,25.2857],[55.4738,25.27576],[55.47305,25.27481],[55.47242,25.27394],[55.47317,25.27365],[55.47435,25.2732],[55.47494,25.27297],[55.47825,25.27173],[55.47846,25.27165],[55.4811,25.27065],[55.4837,25.26966],[55.48471,25.26927],[55.48524,25.27044],[55.48532,25.2706],[55.48558,25.27117]]]}},{"type":"Feature","id":54,"properties":{"id":54,"name":"المصلى","en":"Almsla"},"geometry":{"type":"Polygon","coordinates":[[[55.40364,25.35632],[55.40326,25.35681],[55.40324,25.35683],[55.4032,25.35688],[55.40316,25.35693],[55.40312,25.35698],[55.40307,25.35703],[55.40303,25.35707],[55.40298,25.35712],[55.40294,25.35717],[55.40289,25.35721],[55.40284,25.35726],[55.40279,25.3573],[55.40274,25.35734],[55.402,25.35783],[55.40199,25.35783],[55.40155,25.35813],[55.40133,25.3583],[55.40101,25.35855],[55.40066,25.35882],[55.40015,25.35921],[55.40007,25.35927],[55.40006,25.35928],[55.39974,25.35953],[55.39964,25.35961],[55.39963,25.35961],[55.39945,25.35974],[55.39945,25.35975],[55.39944,25.35975],[55.39944,25.35976],[55.39937,25.35981],[55.39921,25.35994],[55.39904,25.36007],[55.39902,25.36008],[55.39896,25.36013],[55.39891,25.36017],[55.39885,25.36021],[55.39879,25.36025],[55.39873,25.36028],[55.39866,25.36032],[55.3986,25.36036],[55.39854,25.36039],[55.39848,25.36042],[55.39841,25.36046],[55.39835,25.36049],[55.39828,25.36052],[55.39822,25.36055],[55.39815,25.36058],[55.3981,25.3606],[55.39805,25.36062],[55.39801,25.36063],[55.39796,25.36065],[55.39791,25.36066],[55.39786,25.36068],[55.39781,25.36069],[55.39776,25.36071],[55.39774,25.36071],[55.3972,25.36088],[55.39715,25.36102],[55.39511,25.36031],[55.3951,25.3602],[55.39426,25.35885],[55.39388,25.35823],[55.39289,25.35666],[55.39257,25.35618],[55.39234,25.35584],[55.39216,25.3556],[55.39199,25.35537],[55.39175,25.35502],[55.39158,25.35476],[55.39145,25.3546],[55.39131,25.35438],[55.39123,25.35423],[55.39118,25.35414],[55.39115,25.35407],[55.39111,25.35398],[55.39109,25.35393],[55.39106,25.35384],[55.39101,25.35363],[55.39088,25.35339],[55.39111,25.35274],[55.39154,25.35286],[55.39179,25.35295],[55.39219,25.35308],[55.39223,25.35309],[55.39237,25.35314],[55.3925,25.35318],[55.39262,25.35321],[55.39294,25.35331],[55.39333,25.35342],[55.3936,25.3535],[55.39402,25.35362],[55.39443,25.35374],[55.39492,25.35388],[55.39544,25.35401],[55.39584,25.35412],[55.39648,25.35429],[55.39716,25.35447],[55.39751,25.35455],[55.39828,25.35476],[55.39866,25.35486],[55.39882,25.3549],[55.39887,25.35491],[55.39942,25.35505],[55.4002,25.35526],[55.40088,25.35543],[55.40098,25.35546],[55.4011,25.3555],[55.40152,25.35565],[55.4019,25.35581],[55.40205,25.35587],[55.40223,25.35594],[55.40241,25.35601],[55.40259,25.35608],[55.40278,25.35615],[55.40296,25.35621],[55.40364,25.35632]]]}},{"type":"Feature","id":55,"properties":{"id":55,"name":"بودانق","en":"Bwdanq"},"geometry":{"type":"Polygon","coordinates":[[[55.40512,25.34352],[55.39889,25.34707],[55.39865,25.34723],[55.39852,25.34701],[55.39836,25.34675],[55.39822,25.34655],[55.39819,25.3465],[55.39806,25.34632],[55.39759,25.34563],[55.3975,25.34551],[55.39741,25.34537],[55.39735,25.34528],[55.39716,25.345],[55.3963,25.34374],[55.39611,25.34346],[55.40228,25.33991],[55.40265,25.3397],[55.4027,25.33976],[55.40274,25.33984],[55.40304,25.3403],[55.40457,25.34267],[55.40483,25.34308],[55.40486,25.34313],[55.40503,25.34337],[55.4051,25.34348],[55.40512,25.34352]]]}},{"type":"Feature","id":56,"properties":{"id":56,"name":"الرقيبة 7","en":"Alrqyba 7"},"geometry":{"type":"Polygon","coordinates":[[[55.62931,25.22661],[55.63368,25.2361],[55.63375,25.23624],[55.63357,25.23631],[55.62147,25.24092],[55.62131,25.24098],[55.62124,25.24082],[55.61687,25.23136],[55.6168,25.2312],[55.61698,25.23114],[55.62909,25.22653],[55.62925,25.22647],[55.62931,25.22661]]]}},{"type":"Feature","id":57,"properties":{"id":57,"name":"الرقيبة 6","en":"Alrqyba 6"},"geometry":{"type":"Polygon","coordinates":[[[55.62116,25.24104],[55.62054,25.24127],[55.61522,25.24329],[55.60885,25.24571],[55.60436,25.23594],[55.61663,25.23127],[55.6168,25.2312],[55.61687,25.23136],[55.62124,25.24082],[55.62131,25.24098],[55.62116,25.24104]]]}},{"type":"Feature","id":58,"properties":{"id":58,"name":"الرقيبة 2","en":"Alrqyba 2"},"geometry":{"type":"Polygon","coordinates":[[[55.61673,25.23105],[55.6168,25.2312],[55.61663,25.23127],[55.60436,25.23594],[55.59963,25.22562],[55.61206,25.22089],[55.61673,25.23105]]]}},{"type":"Feature","id":59,"properties":{"id":59,"name":"الرقيبة 5","en":"Alrqyba 5"},"geometry":{"type":"Polygon","coordinates":[[[55.60885,25.24571],[55.59639,25.25041],[55.59192,25.24067],[55.60436,25.23594],[55.60885,25.24571]]]}},{"type":"Feature","id":60,"properties":{"id":60,"name":"الصبخة","en":"Alsbkha"},"geometry":{"type":"Polygon","coordinates":[[[55.42782,25.37196],[55.42841,25.3725],[55.42867,25.37272],[55.42885,25.37288],[55.4298,25.3737],[55.43193,25.37556],[55.43272,25.37625],[55.43328,25.37675],[55.43402,25.37739],[55.43602,25.37915],[55.43657,25.37963],[55.43676,25.3798],[55.43796,25.38085],[55.43815,25.38102],[55.43822,25.38108],[55.43854,25.38136],[55.43941,25.38212],[55.43988,25.38253],[55.44019,25.38281],[55.44207,25.38444],[55.44239,25.38479],[55.44159,25.38525],[55.43918,25.38666],[55.43704,25.38791],[55.43641,25.38828],[55.43637,25.3883],[55.43606,25.38797],[55.43577,25.38773],[55.43497,25.38702],[55.43392,25.38612],[55.4337,25.38595],[55.43227,25.38469],[55.43053,25.38318],[55.42957,25.38237],[55.42783,25.38085],[55.42737,25.38046],[55.42638,25.37957],[55.42431,25.37773],[55.42396,25.3774],[55.42394,25.37739],[55.42328,25.37681],[55.42297,25.37655],[55.42328,25.37623],[55.4238,25.37574],[55.42396,25.37558],[55.4242,25.37535],[55.4244,25.37514],[55.42451,25.37504],[55.42464,25.3749],[55.42498,25.37458],[55.42507,25.37448],[55.42521,25.37434],[55.42533,25.37422],[55.42544,25.37411],[55.42603,25.37353],[55.4266,25.37298],[55.42679,25.37279],[55.42686,25.37272],[55.42691,25.37267],[55.42769,25.37184],[55.42782,25.37196]]]}},{"type":"Feature","id":61,"properties":{"id":61,"name":"الدراري التجارية","en":"Aldrary Altjarya"},"geometry":{"type":"Polygon","coordinates":[[[55.40354,25.32231],[55.40276,25.32293],[55.40229,25.32328],[55.40135,25.32401],[55.40121,25.32411],[55.40103,25.32424],[55.4009,25.32434],[55.40074,25.32446],[55.40015,25.32492],[55.40002,25.32503],[55.39982,25.32518],[55.39948,25.32544],[55.39946,25.32546],[55.39937,25.32552],[55.39899,25.32582],[55.39859,25.32613],[55.39852,25.32619],[55.39847,25.32622],[55.39832,25.32633],[55.39816,25.32643],[55.398,25.32653],[55.39784,25.32662],[55.39767,25.32671],[55.39749,25.32679],[55.39732,25.32686],[55.39718,25.32691],[55.39703,25.32696],[55.39689,25.32701],[55.39674,25.32705],[55.39668,25.32707],[55.39659,25.32709],[55.39657,25.32709],[55.39649,25.32711],[55.3964,25.32714],[55.3963,25.32717],[55.39624,25.32719],[55.39611,25.32723],[55.39599,25.32728],[55.39587,25.32733],[55.39576,25.32739],[55.39565,25.32746],[55.39554,25.32753],[55.39544,25.32761],[55.39534,25.32769],[55.39525,25.32777],[55.39516,25.32786],[55.39508,25.32796],[55.395,25.32805],[55.39493,25.32816],[55.39493,25.32815],[55.39307,25.32598],[55.38146,25.31359],[55.38159,25.3135],[55.38171,25.31342],[55.38184,25.31334],[55.38197,25.31327],[55.38211,25.3132],[55.38225,25.31314],[55.38239,25.31308],[55.3825,25.31305],[55.38261,25.31302],[55.38272,25.31299],[55.38283,25.31297],[55.38294,25.31296],[55.38306,25.31295],[55.38317,25.31295],[55.38361,25.31296],[55.38369,25.31296],[55.38377,25.31295],[55.38385,25.31294],[55.38393,25.31293],[55.38402,25.3129],[55.38411,25.31288],[55.3842,25.31284],[55.38429,25.3128],[55.38437,25.31276],[55.38445,25.31271],[55.38452,25.31265],[55.38458,25.31262],[55.38694,25.31079],[55.39037,25.30815],[55.39174,25.30962],[55.39219,25.3101],[55.39332,25.31131],[55.3934,25.3114],[55.39365,25.31167],[55.40354,25.32231]]]}},{"type":"Feature","id":62,"properties":{"id":62,"name":"الصناعية - 2","en":"Industrial 2"},"geometry":{"type":"Polygon","coordinates":[[[55.41151,25.31618],[55.40594,25.32045],[55.40501,25.32117],[55.40485,25.32129],[55.40461,25.32146],[55.40426,25.32172],[55.40418,25.32179],[55.40404,25.32189],[55.40354,25.32231],[55.39365,25.31167],[55.3934,25.3114],[55.39332,25.31131],[55.39219,25.3101],[55.39174,25.30962],[55.39037,25.30815],[55.39126,25.30747],[55.3983,25.30203],[55.41151,25.31618]]]}},{"type":"Feature","id":63,"properties":{"id":63,"name":"حي البديع","en":"Hy Albdya"},"geometry":{"type":"Polygon","coordinates":[[[55.56211,25.29437],[55.55943,25.2973],[55.5584,25.29839],[55.55831,25.29823],[55.55821,25.29808],[55.55815,25.29799],[55.55807,25.29789],[55.558,25.29779],[55.55595,25.29513],[55.55594,25.29511],[55.54961,25.28686],[55.53462,25.29544],[55.52999,25.28881],[55.52975,25.28847],[55.52946,25.28805],[55.52946,25.28804],[55.52298,25.27876],[55.51518,25.26757],[55.50975,25.25979],[55.51896,25.25627],[55.51974,25.25796],[55.51901,25.25823],[55.52515,25.26704],[55.54443,25.25972],[55.54425,25.25933],[55.54585,25.25872],[55.54497,25.25679],[55.54583,25.25646],[55.5448,25.25421],[55.54895,25.25264],[55.55682,25.24965],[55.56086,25.24812],[55.56858,25.24518],[55.56925,25.2449],[55.57552,25.25839],[55.57648,25.26046],[55.58427,25.27722],[55.57568,25.28051],[55.57428,25.28105],[55.56211,25.29437]]]}},{"type":"Feature","id":64,"properties":{"id":64,"name":"كشيشة 6","en":"Kashisha 6"},"geometry":{"type":"Polygon","coordinates":[[[55.61112,25.33882],[55.60901,25.33952],[55.59567,25.3427],[55.59352,25.34321],[55.59299,25.34136],[55.59066,25.33327],[55.59048,25.33265],[55.58992,25.33071],[55.59516,25.32956],[55.59902,25.32912],[55.60061,25.32892],[55.60136,25.32884],[55.60515,25.32821],[55.60536,25.32866],[55.60543,25.32882],[55.60555,25.32909],[55.60567,25.32937],[55.60567,25.32936],[55.60568,25.32938],[55.60783,25.32883],[55.60823,25.3299],[55.60861,25.33099],[55.60938,25.33325],[55.6101,25.33552],[55.61112,25.33882]]]}},{"type":"Feature","id":65,"properties":{"id":65,"name":"المالحة","en":"Almalha"},"geometry":{"type":"Polygon","coordinates":[[[55.61117,25.29542],[55.61083,25.29556],[55.61023,25.29581],[55.60945,25.29613],[55.60777,25.29682],[55.60674,25.29724],[55.60543,25.29778],[55.60493,25.29799],[55.60318,25.29872],[55.59762,25.30102],[55.59571,25.30181],[55.58889,25.28714],[55.59091,25.28626],[55.59133,25.28606],[55.59175,25.28587],[55.59217,25.28568],[55.59354,25.28514],[55.61198,25.27802],[55.61315,25.27757],[55.61752,25.2861],[55.62029,25.29167],[55.61117,25.29542]]]}},{"type":"Feature","id":66,"properties":{"id":66,"name":"S_الصجعة","en":"S_alsjaa"},"geometry":{"type":"Polygon","coordinates":[[[55.65575,25.34804],[55.64983,25.35044],[55.63861,25.32796],[55.64458,25.32551],[55.65575,25.34804]]]}},{"type":"Feature","id":67,"properties":{"id":67,"name":"الرقيبة 3","en":"Alrqyba 3"},"geometry":{"type":"Polygon","coordinates":[[[55.62674,25.22103],[55.62918,25.22632],[55.62925,25.22647],[55.62909,25.22653],[55.61698,25.23114],[55.6168,25.2312],[55.61673,25.23105],[55.61206,25.22089],[55.62179,25.21719],[55.62449,25.21616],[55.62674,25.22103]]]}},{"type":"Feature","id":68,"properties":{"id":68,"name":"الطرفا","en":"Al Tarfa"},"geometry":{"type":"Polygon","coordinates":[[[55.45906,25.32597],[55.45827,25.32637],[55.45802,25.32649],[55.45763,25.32665],[55.45724,25.32685],[55.45697,25.32697],[55.45652,25.32718],[55.45625,25.32731],[55.45584,25.3275],[55.45562,25.32759],[55.45537,25.32771],[55.45455,25.32808],[55.45386,25.3284],[55.45382,25.32842],[55.45337,25.32862],[55.4533,25.32866],[55.45287,25.32885],[55.45264,25.32896],[55.45198,25.32926],[55.45112,25.32965],[55.45039,25.32999],[55.44924,25.3305],[55.44856,25.3296],[55.44847,25.32947],[55.44806,25.32892],[55.447,25.32747],[55.44687,25.32729],[55.44598,25.32608],[55.4452,25.32503],[55.4442,25.32366],[55.44279,25.32172],[55.44266,25.32154],[55.44349,25.32102],[55.44526,25.31998],[55.44558,25.31979],[55.44789,25.31844],[55.44986,25.31727],[55.45156,25.31626],[55.4521,25.31699],[55.45258,25.31762],[55.45289,25.31801],[55.45313,25.31832],[55.45381,25.31915],[55.45445,25.3199],[55.4555,25.3212],[55.45632,25.32224],[55.45906,25.32597]]]}},{"type":"Feature","id":69,"properties":{"id":69,"name":"الرقيبة 8","en":"Alrqyba 8"},"geometry":{"type":"Polygon","coordinates":[[[55.64766,25.23095],[55.63391,25.23619],[55.63375,25.23624],[55.63368,25.2361],[55.62931,25.22661],[55.62925,25.22647],[55.62941,25.22641],[55.643,25.22122],[55.64766,25.23095]]]}},{"type":"Feature","id":70,"properties":{"id":70,"name":"الرقيبة 4","en":"Alrqyba 4"},"geometry":{"type":"Polygon","coordinates":[[[55.643,25.22122],[55.62941,25.22641],[55.62925,25.22647],[55.62918,25.22632],[55.62674,25.22103],[55.62449,25.21616],[55.62665,25.21534],[55.63698,25.21141],[55.63818,25.21095],[55.64092,25.21671],[55.64198,25.21896],[55.64292,25.22105],[55.643,25.22122]]]}},{"type":"Feature","id":71,"properties":{"id":71,"name":"الفشت 1","en":"Alfsht 1"},"geometry":{"type":"Polygon","coordinates":[[[55.41394,25.38971],[55.41393,25.38971],[55.41392,25.38969],[55.41381,25.3897],[55.41373,25.38972],[55.4137,25.38974],[55.41365,25.38977],[55.41361,25.3898],[55.41357,25.38984],[55.41341,25.39001],[55.41331,25.3901],[55.41322,25.39015],[55.41293,25.39019],[55.41239,25.39024],[55.41227,25.39023],[55.41224,25.39021],[55.41223,25.39016],[55.41226,25.39012],[55.4123,25.39012],[55.41243,25.39012],[55.41262,25.39011],[55.41279,25.3901],[55.41299,25.39009],[55.41311,25.39007],[55.41325,25.39001],[55.41335,25.38994],[55.41343,25.38987],[55.41347,25.38982],[55.41353,25.38975],[55.41358,25.3897],[55.41364,25.38966],[55.41375,25.38963],[55.41363,25.38953],[55.41203,25.38867],[55.41107,25.38816],[55.41096,25.38818],[55.41085,25.38822],[55.41074,25.38826],[55.41062,25.38834],[55.41053,25.38841],[55.41046,25.38847],[55.41043,25.38853],[55.41041,25.38871],[55.41048,25.38893],[55.41048,25.38909],[55.41048,25.38914],[55.41048,25.38919],[55.41048,25.38922],[55.41048,25.38924],[55.41048,25.38926],[55.41048,25.38945],[55.41052,25.38955],[55.41061,25.3896],[55.41069,25.38967],[55.41086,25.38986],[55.411,25.39],[55.41111,25.39011],[55.41125,25.39025],[55.41138,25.39037],[55.41183,25.3908],[55.41202,25.39092],[55.41214,25.39105],[55.41221,25.39115],[55.41219,25.39125],[55.41211,25.39128],[55.41201,25.39127],[55.41194,25.39121],[55.41187,25.39107],[55.4116,25.39079],[55.41145,25.39064],[55.41112,25.3903],[55.41072,25.38991],[55.41026,25.38943],[55.40986,25.38989],[55.40984,25.38994],[55.40979,25.38999],[55.40974,25.39001],[55.40967,25.38998],[55.40966,25.38992],[55.40967,25.38989],[55.40971,25.38985],[55.41018,25.3893],[55.41001,25.38906],[55.40871,25.38775],[55.40808,25.38715],[55.40764,25.38683],[55.40729,25.38673],[55.40708,25.38675],[55.40694,25.38677],[55.40671,25.38687],[55.4068,25.38713],[55.40683,25.3872],[55.40688,25.38727],[55.40684,25.38734],[55.40677,25.38735],[55.40666,25.38716],[55.40649,25.38664],[55.40638,25.38662],[55.4062,25.38675],[55.40597,25.38692],[55.40588,25.38696],[55.40583,25.38693],[55.40581,25.38687],[55.40583,25.38682],[55.40617,25.3866],[55.40615,25.38644],[55.40606,25.38634],[55.40672,25.38598],[55.40744,25.38514],[55.40763,25.3849],[55.40831,25.38407],[55.40843,25.38393],[55.40855,25.38402],[55.40859,25.38405],[55.40863,25.38408],[55.40878,25.3842],[55.40885,25.38426],[55.40889,25.38428],[55.409,25.38436],[55.40908,25.38441],[55.40916,25.38446],[55.40929,25.38454],[55.40935,25.38457],[55.4096,25.38472],[55.40978,25.3848],[55.40983,25.38482],[55.40997,25.38489],[55.41017,25.38497],[55.41025,25.385],[55.41036,25.38504],[55.41067,25.38516],[55.41089,25.38523],[55.41148,25.38544],[55.41209,25.38565],[55.41258,25.38582],[55.41264,25.38584],[55.41278,25.38589],[55.41305,25.38598],[55.41334,25.38608],[55.41352,25.38615],[55.41431,25.38642],[55.41501,25.38666],[55.4153,25.38676],[55.41518,25.38701],[55.41481,25.38783],[55.41476,25.38795],[55.41466,25.38818],[55.41463,25.38825],[55.41455,25.38843],[55.41448,25.38861],[55.4144,25.38877],[55.41426,25.3891],[55.41419,25.38925],[55.41394,25.38971]]]}},{"type":"Feature","id":72,"properties":{"id":72,"name":"الآبار","en":"Alabar"},"geometry":{"type":"Polygon","coordinates":[[[55.42914,25.34081],[55.42918,25.34086],[55.42994,25.34194],[55.43154,25.34418],[55.43173,25.34445],[55.43256,25.34562],[55.43274,25.34586],[55.43284,25.34601],[55.43299,25.34622],[55.43319,25.3465],[55.4333,25.34666],[55.43333,25.34671],[55.43346,25.34689],[55.43361,25.34709],[55.434,25.34765],[55.43597,25.35034],[55.43605,25.35045],[55.43604,25.35045],[55.43479,25.351],[55.43417,25.35136],[55.43313,25.35205],[55.43258,25.35245],[55.43109,25.35353],[55.42975,25.35452],[55.42951,25.35469],[55.42947,25.35472],[55.42944,25.35474],[55.4294,25.35477],[55.42793,25.35586],[55.42792,25.35585],[55.42769,25.3555],[55.42712,25.35465],[55.42678,25.35417],[55.4263,25.3535],[55.42586,25.35288],[55.42578,25.35276],[55.42103,25.34611],[55.42135,25.34586],[55.4219,25.34543],[55.42209,25.34528],[55.42225,25.34516],[55.42229,25.34513],[55.42233,25.34509],[55.42255,25.34492],[55.4226,25.34487],[55.42272,25.34479],[55.42281,25.34471],[55.42305,25.34452],[55.42318,25.34442],[55.42405,25.34374],[55.42414,25.34368],[55.42429,25.34357],[55.42444,25.34346],[55.42465,25.34333],[55.42476,25.34325],[55.4248,25.34323],[55.42485,25.3432],[55.42491,25.34316],[55.42504,25.34308],[55.42525,25.34295],[55.42545,25.34283],[55.42554,25.34277],[55.42567,25.3427],[55.4258,25.34263],[55.42589,25.34257],[55.42616,25.34241],[55.42688,25.34204],[55.42909,25.34074],[55.42914,25.34081]]]}},{"type":"Feature","id":73,"properties":{"id":73,"name":"بوطينة","en":"Bu Tina"},"geometry":{"type":"Polygon","coordinates":[[[55.40787,25.3733],[55.40762,25.37344],[55.40712,25.37373],[55.40678,25.37393],[55.40661,25.37403],[55.4064,25.37416],[55.40612,25.37433],[55.4056,25.37463],[55.40489,25.37506],[55.40418,25.37548],[55.40331,25.37599],[55.40278,25.37631],[55.40235,25.37656],[55.40209,25.37671],[55.40192,25.37651],[55.39837,25.37177],[55.39795,25.37121],[55.39754,25.37064],[55.39724,25.37022],[55.39698,25.36989],[55.39675,25.36958],[55.39607,25.36872],[55.39595,25.36858],[55.39627,25.36844],[55.39685,25.36819],[55.39819,25.36753],[55.39926,25.367],[55.40016,25.36655],[55.40109,25.36607],[55.40133,25.36595],[55.40155,25.36617],[55.40204,25.36672],[55.40223,25.36694],[55.40225,25.36696],[55.40246,25.36719],[55.40304,25.36785],[55.40347,25.36833],[55.40362,25.3685],[55.40417,25.36912],[55.40442,25.3694],[55.40447,25.36947],[55.40486,25.3699],[55.4049,25.36995],[55.40554,25.37067],[55.40576,25.37092],[55.40605,25.37124],[55.40626,25.37148],[55.40628,25.37151],[55.40705,25.37238],[55.40713,25.37247],[55.40716,25.3725],[55.40768,25.37308],[55.40787,25.3733]]]}},{"type":"Feature","id":74,"properties":{"id":74,"name":"سمنان","en":"Smnan"},"geometry":{"type":"Polygon","coordinates":[[[55.42909,25.34074],[55.42688,25.34204],[55.42616,25.34241],[55.42589,25.34257],[55.4258,25.34263],[55.42567,25.3427],[55.42554,25.34277],[55.42545,25.34283],[55.42525,25.34295],[55.42504,25.34308],[55.42491,25.34316],[55.42485,25.3432],[55.4248,25.34323],[55.42476,25.34325],[55.42465,25.34333],[55.42444,25.34346],[55.42429,25.34357],[55.42414,25.34368],[55.42405,25.34374],[55.42318,25.34442],[55.42305,25.34452],[55.42281,25.34471],[55.42272,25.34479],[55.4226,25.34487],[55.42255,25.34492],[55.42233,25.34509],[55.42229,25.34513],[55.42225,25.34516],[55.42209,25.34528],[55.4219,25.34543],[55.42135,25.34586],[55.42103,25.34611],[55.42079,25.3458],[55.42051,25.3454],[55.42016,25.34492],[55.41979,25.34443],[55.4168,25.34034],[55.41598,25.33922],[55.41558,25.33866],[55.415,25.33789],[55.41668,25.33687],[55.41897,25.33552],[55.41966,25.33511],[55.42135,25.33411],[55.4217,25.33392],[55.42231,25.33355],[55.42349,25.33285],[55.4258,25.33612],[55.42662,25.33726],[55.42677,25.33747],[55.42704,25.33785],[55.42735,25.33828],[55.42886,25.34042],[55.42909,25.34074]]]}},{"type":"Feature","id":75,"properties":{"id":75,"name":"مزيرعة","en":"Mzyraa"},"geometry":{"type":"Polygon","coordinates":[[[55.5613,25.3373],[55.55971,25.33766],[55.55902,25.33604],[55.55354,25.32577],[55.55513,25.32508],[55.55491,25.32465],[55.55286,25.32081],[55.55273,25.32058],[55.5526,25.32035],[55.55246,25.32013],[55.55231,25.31992],[55.55216,25.3197],[55.552,25.31949],[55.55183,25.31929],[55.55166,25.31909],[55.55148,25.31889],[55.5513,25.3187],[55.55111,25.31851],[55.55091,25.31833],[55.55071,25.31815],[55.5505,25.31798],[55.55029,25.31782],[55.55007,25.31766],[55.54985,25.3175],[55.54962,25.31735],[55.54939,25.31721],[55.54916,25.31707],[55.54892,25.31694],[55.54867,25.31682],[55.54842,25.3167],[55.54817,25.31658],[55.54792,25.31648],[55.54766,25.31638],[55.5474,25.31629],[55.54714,25.3162],[55.54399,25.31522],[55.5438,25.31383],[55.54633,25.31344],[55.54649,25.31342],[55.54712,25.31331],[55.54821,25.31314],[55.54822,25.31314],[55.54823,25.31314],[55.54823,25.31313],[55.54912,25.31303],[55.54914,25.31303],[55.54945,25.313],[55.54946,25.313],[55.54983,25.31297],[55.54984,25.31297],[55.55039,25.31294],[55.5504,25.31294],[55.55142,25.31288],[55.55143,25.31288],[55.55215,25.31284],[55.55291,25.3128],[55.55418,25.31272],[55.55526,25.31266],[55.5576,25.31253],[55.55817,25.31251],[55.55977,25.31242],[55.56035,25.31239],[55.56059,25.31237],[55.56083,25.31235],[55.56107,25.31232],[55.5613,25.31228],[55.56154,25.31224],[55.56178,25.31219],[55.56201,25.31213],[55.56224,25.31207],[55.56247,25.312],[55.5627,25.31192],[55.56292,25.31184],[55.56314,25.31175],[55.56336,25.31166],[55.56358,25.31156],[55.56379,25.31146],[55.564,25.31134],[55.5642,25.31123],[55.5644,25.31111],[55.5646,25.31098],[55.56479,25.31084],[55.56497,25.31071],[55.56516,25.31056],[55.56528,25.31046],[55.56604,25.30984],[55.5662,25.30972],[55.56636,25.30959],[55.56653,25.30947],[55.5667,25.30935],[55.56692,25.30921],[55.56713,25.30907],[55.56735,25.30894],[55.56758,25.30881],[55.5678,25.30869],[55.56804,25.30858],[55.56827,25.30847],[55.56851,25.30836],[55.56875,25.30827],[55.56899,25.30817],[55.56924,25.30809],[55.56949,25.30801],[55.56974,25.30793],[55.56999,25.30787],[55.57024,25.3078],[55.5705,25.30775],[55.57076,25.3077],[55.57101,25.30766],[55.57127,25.30762],[55.57136,25.30761],[55.57266,25.30745],[55.5749,25.30718],[55.57571,25.30707],[55.57588,25.30705],[55.57803,25.30679],[55.57845,25.30674],[55.57868,25.30671],[55.57899,25.30667],[55.57917,25.30665],[55.58119,25.3064],[55.58162,25.30635],[55.58275,25.30621],[55.58341,25.30613],[55.58433,25.30602],[55.58475,25.30596],[55.58529,25.30586],[55.58542,25.30584],[55.58567,25.30578],[55.58583,25.30574],[55.58622,25.30563],[55.58637,25.30558],[55.58662,25.3055],[55.58679,25.30544],[55.58721,25.30528],[55.58739,25.3052],[55.58755,25.30514],[55.58772,25.30507],[55.58785,25.30501],[55.58843,25.30478],[55.5887,25.30466],[55.58913,25.30449],[55.58935,25.3044],[55.58969,25.30426],[55.59184,25.30337],[55.5921,25.30326],[55.59228,25.30319],[55.59248,25.3031],[55.59288,25.30294],[55.59302,25.30288],[55.59386,25.30256],[55.59571,25.30181],[55.59793,25.30657],[55.59863,25.30807],[55.59964,25.31023],[55.59222,25.31343],[55.59339,25.31579],[55.5938,25.31662],[55.60119,25.31358],[55.60352,25.31858],[55.60384,25.31925],[55.60423,25.32011],[55.60462,25.32097],[55.605,25.32183],[55.60538,25.3227],[55.60575,25.32357],[55.60611,25.32444],[55.60647,25.32531],[55.60682,25.32619],[55.60717,25.32707],[55.6075,25.32795],[55.60783,25.32883],[55.60568,25.32938],[55.60567,25.32936],[55.60567,25.32937],[55.60555,25.32909],[55.60543,25.32882],[55.60536,25.32866],[55.60515,25.32821],[55.60136,25.32884],[55.60061,25.32892],[55.59902,25.32912],[55.59516,25.32956],[55.58992,25.33071],[55.57435,25.33411],[55.57117,25.3348],[55.5613,25.3373]]]}},{"type":"Feature","id":76,"properties":{"id":76,"name":"القليعة","en":"Alqlyaa"},"geometry":{"type":"Polygon","coordinates":[[[55.40209,25.37671],[55.40187,25.37685],[55.40126,25.37721],[55.4009,25.37743],[55.40074,25.37752],[55.39977,25.3781],[55.39956,25.37823],[55.39912,25.37849],[55.39853,25.37883],[55.39823,25.37905],[55.39807,25.3788],[55.39751,25.37794],[55.39742,25.3778],[55.39726,25.37755],[55.39709,25.37728],[55.39699,25.37713],[55.39688,25.37697],[55.39641,25.37623],[55.39601,25.37563],[55.39552,25.37488],[55.39506,25.37418],[55.39498,25.37406],[55.39471,25.37363],[55.39455,25.37339],[55.39453,25.37336],[55.39444,25.37322],[55.39435,25.37308],[55.39407,25.37265],[55.39367,25.37204],[55.3935,25.37178],[55.39331,25.37149],[55.39314,25.37122],[55.3931,25.37116],[55.39298,25.37096],[55.39289,25.37083],[55.39269,25.37052],[55.39253,25.3703],[55.3928,25.37016],[55.39362,25.36976],[55.39474,25.36921],[55.39572,25.36871],[55.39595,25.36858],[55.39607,25.36872],[55.39675,25.36958],[55.39698,25.36989],[55.39724,25.37022],[55.39754,25.37064],[55.39795,25.37121],[55.39837,25.37177],[55.40192,25.37651],[55.40209,25.37671]]]}},{"type":"Feature","id":77,"properties":{"id":77,"name":"المجاز 2","en":"Al Majaz 2"},"geometry":{"type":"Polygon","coordinates":[[[55.39493,25.32816],[55.39493,25.32817],[55.39492,25.32817],[55.39487,25.32826],[55.39482,25.32835],[55.3948,25.32839],[55.39475,25.32849],[55.39471,25.3286],[55.39467,25.32871],[55.39464,25.32882],[55.39462,25.32893],[55.3946,25.32904],[55.39459,25.32915],[55.39459,25.32918],[55.39458,25.32927],[55.39458,25.32936],[55.39457,25.32945],[55.39457,25.32949],[55.39455,25.32958],[55.39454,25.32967],[55.39451,25.32976],[55.39448,25.32985],[55.39445,25.32994],[55.39443,25.32997],[55.39439,25.33006],[55.39438,25.33007],[55.39434,25.33014],[55.39429,25.33022],[55.39425,25.33029],[55.39422,25.33033],[55.39316,25.33202],[55.39273,25.3318],[55.39229,25.33156],[55.39167,25.33123],[55.39155,25.33115],[55.39152,25.33114],[55.39134,25.33104],[55.39113,25.33093],[55.39107,25.33089],[55.39037,25.33051],[55.38979,25.33034],[55.38976,25.33024],[55.38972,25.33015],[55.38967,25.33005],[55.38962,25.32996],[55.38957,25.32987],[55.38951,25.32979],[55.38944,25.32971],[55.38664,25.32673],[55.38533,25.32534],[55.38524,25.32525],[55.38513,25.32516],[55.38502,25.32508],[55.38491,25.32501],[55.3848,25.32494],[55.38468,25.32487],[55.38455,25.32481],[55.38443,25.32476],[55.3843,25.32472],[55.38416,25.32468],[55.38403,25.32464],[55.38389,25.32462],[55.38376,25.3246],[55.38343,25.32367],[55.38321,25.32342],[55.38276,25.32294],[55.38014,25.32014],[55.38006,25.32006],[55.37998,25.31998],[55.37989,25.31991],[55.37979,25.31985],[55.37965,25.31977],[55.37994,25.31871],[55.38007,25.31823],[55.38019,25.31777],[55.38037,25.31707],[55.38049,25.3166],[55.38053,25.31648],[55.38054,25.31644],[55.38055,25.31638],[55.38055,25.31632],[55.38056,25.31626],[55.38057,25.31621],[55.38057,25.31616],[55.38058,25.3161],[55.38058,25.31605],[55.38058,25.316],[55.38058,25.31595],[55.38061,25.31505],[55.38061,25.31502],[55.38061,25.31499],[55.38061,25.31496],[55.38062,25.31493],[55.38062,25.31489],[55.38063,25.31486],[55.38063,25.31483],[55.38064,25.3148],[55.38064,25.31479],[55.38065,25.31476],[55.38065,25.31472],[55.38066,25.31469],[55.38067,25.31466],[55.38068,25.31463],[55.38069,25.31459],[55.3807,25.31456],[55.38071,25.31453],[55.38073,25.3145],[55.38074,25.31447],[55.38075,25.31444],[55.38077,25.31441],[55.38078,25.31438],[55.3808,25.31435],[55.38081,25.31432],[55.38083,25.31429],[55.38085,25.31426],[55.38086,25.31423],[55.38088,25.3142],[55.3809,25.31417],[55.38092,25.31414],[55.38094,25.31411],[55.38096,25.31409],[55.38098,25.31406],[55.381,25.31403],[55.38102,25.314],[55.38105,25.31398],[55.38107,25.31395],[55.38109,25.31393],[55.38112,25.3139],[55.38116,25.31386],[55.3812,25.31382],[55.38123,25.31379],[55.38124,25.31378],[55.38129,25.31374],[55.38133,25.3137],[55.38138,25.31366],[55.3814,25.31365],[55.38146,25.31359],[55.39307,25.32598],[55.39493,25.32815],[55.39493,25.32816]]]}},{"type":"Feature","id":78,"properties":{"id":78,"name":"السيف","en":"Alsyf"},"geometry":{"type":"Polygon","coordinates":[[[55.39823,25.37905],[55.39831,25.37957],[55.39782,25.3804],[55.39781,25.38042],[55.39721,25.37998],[55.397,25.37982],[55.39624,25.37921],[55.39578,25.37882],[55.39508,25.37825],[55.39503,25.3782],[55.39491,25.37811],[55.39437,25.37763],[55.3941,25.3774],[55.39341,25.3768],[55.39332,25.37674],[55.39323,25.37679],[55.39317,25.37681],[55.39311,25.37676],[55.39311,25.37671],[55.39324,25.3766],[55.39343,25.37646],[55.39351,25.37644],[55.39349,25.37632],[55.39326,25.37608],[55.39254,25.37576],[55.39211,25.37562],[55.39188,25.37557],[55.39172,25.37556],[55.39158,25.37555],[55.39135,25.37551],[55.39052,25.37665],[55.38995,25.37751],[55.38991,25.37761],[55.38979,25.37764],[55.38968,25.3776],[55.38963,25.37749],[55.38968,25.37743],[55.38976,25.37739],[55.39032,25.37669],[55.39071,25.37613],[55.39092,25.37588],[55.39153,25.37501],[55.392,25.37425],[55.39224,25.37399],[55.39229,25.37381],[55.39216,25.37345],[55.39217,25.37334],[55.39192,25.3731],[55.39178,25.37301],[55.3918,25.37299],[55.39148,25.37274],[55.39115,25.37265],[55.39095,25.37256],[55.39063,25.37245],[55.39032,25.3724],[55.39021,25.37241],[55.38984,25.37428],[55.38977,25.37428],[55.38983,25.37396],[55.38995,25.37328],[55.39005,25.37265],[55.39015,25.37216],[55.39019,25.37193],[55.39038,25.36996],[55.39044,25.36908],[55.39042,25.36858],[55.3904,25.36817],[55.39038,25.36804],[55.39036,25.36792],[55.39033,25.3678],[55.39029,25.36765],[55.39024,25.36751],[55.39018,25.36736],[55.39011,25.36722],[55.39033,25.36709],[55.39039,25.36717],[55.39061,25.36749],[55.39112,25.36822],[55.3912,25.36835],[55.39126,25.36844],[55.39154,25.36887],[55.39194,25.36944],[55.39237,25.37007],[55.39253,25.3703],[55.39269,25.37052],[55.39289,25.37083],[55.39298,25.37096],[55.3931,25.37116],[55.39314,25.37122],[55.39331,25.37149],[55.3935,25.37178],[55.39367,25.37204],[55.39407,25.37265],[55.39435,25.37308],[55.39444,25.37322],[55.39453,25.37336],[55.39455,25.37339],[55.39471,25.37363],[55.39498,25.37406],[55.39506,25.37418],[55.39552,25.37488],[55.39601,25.37563],[55.39641,25.37623],[55.39688,25.37697],[55.39699,25.37713],[55.39709,25.37728],[55.39726,25.37755],[55.39742,25.3778],[55.39751,25.37794],[55.39807,25.3788],[55.39823,25.37905]]]}},{"type":"Feature","id":79,"properties":{"id":79,"name":"الفشت","en":"Alfsht"},"geometry":{"type":"Polygon","coordinates":[[[55.40843,25.38393],[55.40831,25.38407],[55.40763,25.3849],[55.40744,25.38514],[55.40672,25.38598],[55.40606,25.38634],[55.40571,25.38593],[55.4052,25.38552],[55.40487,25.38523],[55.4047,25.38504],[55.40362,25.38414],[55.40315,25.38405],[55.40271,25.38416],[55.40277,25.38448],[55.40286,25.38464],[55.40284,25.38475],[55.40274,25.38477],[55.40265,25.38469],[55.4026,25.38459],[55.40259,25.38441],[55.40252,25.3841],[55.40236,25.38403],[55.40211,25.38421],[55.4019,25.38436],[55.40178,25.38433],[55.40172,25.38427],[55.40182,25.38417],[55.40169,25.38397],[55.40126,25.38343],[55.40106,25.38293],[55.4008,25.38233],[55.40038,25.38175],[55.39993,25.38141],[55.39967,25.38129],[55.39929,25.38125],[55.39913,25.38128],[55.39891,25.38133],[55.39872,25.38139],[55.39861,25.38148],[55.3989,25.38204],[55.39886,25.3821],[55.39879,25.38208],[55.39827,25.38135],[55.39829,25.38127],[55.39836,25.3812],[55.39845,25.38111],[55.39852,25.38102],[55.39835,25.38079],[55.39785,25.38045],[55.39781,25.38042],[55.39782,25.3804],[55.39831,25.37957],[55.39823,25.37905],[55.39853,25.37883],[55.39912,25.37849],[55.39956,25.37823],[55.39977,25.3781],[55.40074,25.37752],[55.4009,25.37743],[55.40126,25.37721],[55.40187,25.37685],[55.40209,25.37671],[55.40226,25.37693],[55.40267,25.3774],[55.4028,25.37754],[55.40288,25.37764],[55.40297,25.37774],[55.40299,25.37777],[55.40345,25.37829],[55.40358,25.37844],[55.40363,25.3785],[55.40388,25.37878],[55.4044,25.37939],[55.40449,25.37949],[55.40458,25.3796],[55.40482,25.37988],[55.40487,25.37993],[55.40508,25.38017],[55.40533,25.38046],[55.40609,25.38135],[55.40621,25.3815],[55.40627,25.38156],[55.40635,25.38165],[55.40638,25.38168],[55.40654,25.38186],[55.40674,25.38208],[55.40754,25.383],[55.40778,25.38329],[55.40786,25.38339],[55.4079,25.38344],[55.40792,25.38345],[55.40801,25.38355],[55.40813,25.38366],[55.40821,25.38375],[55.40832,25.38384],[55.40843,25.38393]]]}},{"type":"Feature","id":80,"properties":{"id":80,"name":"شرقان","en":"Shrqan"},"geometry":{"type":"Polygon","coordinates":[[[55.41869,25.38137],[55.41855,25.3816],[55.4178,25.38279],[55.4177,25.38294],[55.41733,25.38353],[55.41713,25.38383],[55.41711,25.38387],[55.41666,25.38458],[55.41643,25.38494],[55.41633,25.3851],[55.41623,25.38526],[55.41616,25.38538],[55.41607,25.38553],[55.41592,25.38575],[55.4158,25.38595],[55.41543,25.38652],[55.4153,25.38676],[55.41501,25.38666],[55.41431,25.38642],[55.41352,25.38615],[55.41334,25.38608],[55.41305,25.38598],[55.41278,25.38589],[55.41264,25.38584],[55.41258,25.38582],[55.41209,25.38565],[55.41148,25.38544],[55.41089,25.38523],[55.41067,25.38516],[55.41036,25.38504],[55.41025,25.385],[55.41017,25.38497],[55.40997,25.38489],[55.40983,25.38482],[55.40978,25.3848],[55.4096,25.38472],[55.40935,25.38457],[55.40929,25.38454],[55.40916,25.38446],[55.40908,25.38441],[55.409,25.38436],[55.40889,25.38428],[55.40885,25.38426],[55.40878,25.3842],[55.40863,25.38408],[55.40859,25.38405],[55.40855,25.38402],[55.40843,25.38393],[55.40832,25.38384],[55.40821,25.38375],[55.40813,25.38366],[55.40801,25.38355],[55.40792,25.38345],[55.4079,25.38344],[55.40786,25.38339],[55.40778,25.38329],[55.40754,25.383],[55.40674,25.38208],[55.40654,25.38186],[55.40638,25.38168],[55.40635,25.38165],[55.40627,25.38156],[55.40621,25.3815],[55.40609,25.38135],[55.40533,25.38046],[55.40508,25.38017],[55.40487,25.37993],[55.40482,25.37988],[55.40458,25.3796],[55.40449,25.37949],[55.4044,25.37939],[55.40388,25.37878],[55.40363,25.3785],[55.40358,25.37844],[55.40345,25.37829],[55.40299,25.37777],[55.40297,25.37774],[55.40288,25.37764],[55.4028,25.37754],[55.40267,25.3774],[55.40226,25.37693],[55.40209,25.37671],[55.40235,25.37656],[55.40278,25.37631],[55.40331,25.37599],[55.40418,25.37548],[55.40489,25.37506],[55.4056,25.37463],[55.40612,25.37433],[55.4064,25.37416],[55.40661,25.37403],[55.40678,25.37393],[55.40712,25.37373],[55.40762,25.37344],[55.40787,25.3733],[55.4081,25.37355],[55.40871,25.37422],[55.40946,25.37499],[55.41005,25.37556],[55.41047,25.37597],[55.41102,25.37646],[55.4117,25.37703],[55.41233,25.37751],[55.41244,25.37758],[55.41323,25.37819],[55.41394,25.37872],[55.41448,25.37908],[55.41464,25.37917],[55.4148,25.37927],[55.41536,25.3796],[55.41655,25.38023],[55.41733,25.38063],[55.41778,25.38089],[55.41844,25.38122],[55.41869,25.38137]]]}},{"type":"Feature","id":81,"properties":{"id":81,"name":"الدراري","en":"Aldrary"},"geometry":{"type":"Polygon","coordinates":[[[55.44924,25.3305],[55.44837,25.3309],[55.44812,25.33101],[55.44787,25.33111],[55.44715,25.33143],[55.44656,25.33169],[55.44573,25.33205],[55.44564,25.33209],[55.44551,25.33215],[55.44488,25.33242],[55.44447,25.3326],[55.44342,25.33306],[55.443,25.33324],[55.44263,25.3334],[55.44235,25.33352],[55.44197,25.33369],[55.44183,25.33375],[55.44111,25.33406],[55.44097,25.33413],[55.44085,25.33418],[55.44064,25.33427],[55.43975,25.33466],[55.43389,25.32668],[55.43519,25.32592],[55.43562,25.32567],[55.43638,25.32521],[55.43676,25.325],[55.43803,25.32426],[55.43854,25.32395],[55.43919,25.32357],[55.44019,25.32298],[55.44047,25.32282],[55.44133,25.32229],[55.44184,25.32201],[55.44266,25.32154],[55.44279,25.32172],[55.4442,25.32366],[55.4452,25.32503],[55.44598,25.32608],[55.44687,25.32729],[55.447,25.32747],[55.44806,25.32892],[55.44847,25.32947],[55.44856,25.3296],[55.44924,25.3305]]]}},{"type":"Feature","id":82,"properties":{"id":82,"name":"المنتزه","en":"Almntzh"},"geometry":{"type":"Polygon","coordinates":[[[55.41921,25.39422],[55.4192,25.39421],[55.41889,25.39407],[55.41852,25.39398],[55.41834,25.39397],[55.41818,25.39396],[55.41802,25.39398],[55.41777,25.39406],[55.41761,25.39414],[55.41752,25.39419],[55.41745,25.39423],[55.41748,25.3943],[55.41765,25.39462],[55.41768,25.39465],[55.41771,25.3947],[55.41779,25.39481],[55.41774,25.39488],[55.41767,25.39491],[55.4176,25.39481],[55.41755,25.39469],[55.41747,25.39455],[55.41741,25.39447],[55.41737,25.39441],[55.41726,25.39423],[55.4172,25.39412],[55.41719,25.39409],[55.41719,25.39406],[55.41721,25.39403],[55.41725,25.394],[55.41729,25.39396],[55.41734,25.39393],[55.41776,25.39366],[55.41773,25.39352],[55.41767,25.39339],[55.41757,25.39324],[55.4175,25.39316],[55.41723,25.39282],[55.41694,25.39244],[55.41635,25.39174],[55.41587,25.3913],[55.41562,25.39117],[55.41544,25.39106],[55.41504,25.39099],[55.41483,25.39103],[55.4147,25.39104],[55.41456,25.39108],[55.41436,25.39123],[55.41445,25.39136],[55.41453,25.39149],[55.41459,25.39156],[55.41462,25.39161],[55.41463,25.39168],[55.41457,25.39173],[55.41451,25.39172],[55.41447,25.39169],[55.41445,25.39166],[55.41442,25.3916],[55.41438,25.39154],[55.41435,25.39148],[55.41429,25.39141],[55.41419,25.39122],[55.4141,25.39109],[55.41399,25.3909],[55.41403,25.39087],[55.41409,25.39079],[55.4143,25.39049],[55.41439,25.39038],[55.41462,25.3901],[55.41416,25.38983],[55.41396,25.38973],[55.41394,25.38971],[55.41419,25.38925],[55.41434,25.38932],[55.41455,25.38943],[55.41477,25.38954],[55.41489,25.3896],[55.4151,25.38972],[55.41532,25.38984],[55.41566,25.39004],[55.41589,25.39018],[55.41612,25.39032],[55.41635,25.39047],[55.4202,25.39313],[55.41956,25.39385],[55.41921,25.39422]]]}},{"type":"Feature","id":83,"properties":{"id":83,"name":"حي براشي","en":"Hy Brashy"},"geometry":{"type":"Polygon","coordinates":[[[55.59571,25.30181],[55.59386,25.30256],[55.59302,25.30288],[55.59288,25.30294],[55.59248,25.3031],[55.59228,25.30319],[55.5921,25.30326],[55.59184,25.30337],[55.58969,25.30426],[55.58935,25.3044],[55.58913,25.30449],[55.5887,25.30466],[55.58843,25.30478],[55.58785,25.30501],[55.58772,25.30507],[55.58755,25.30514],[55.58739,25.3052],[55.58721,25.30528],[55.57568,25.28051],[55.58427,25.27722],[55.58889,25.28714],[55.59571,25.30181]]]}},{"type":"Feature","id":84,"properties":{"id":84,"name":"شغرافة 2","en":"Shghrafa 2"},"geometry":{"type":"Polygon","coordinates":[[[55.56497,25.35],[55.56275,25.35053],[55.55191,25.3531],[55.5482,25.34019],[55.55184,25.33939],[55.55941,25.33772],[55.55971,25.33766],[55.5613,25.3373],[55.56203,25.33975],[55.56447,25.34824],[55.56497,25.35]]]}},{"type":"Feature","id":85,"properties":{"id":85,"name":"العزرة","en":"Al Azra"},"geometry":{"type":"Polygon","coordinates":[[[55.44155,25.35838],[55.44196,25.35888],[55.44238,25.35938],[55.44282,25.35987],[55.44315,25.36024],[55.44322,25.36031],[55.45213,25.36992],[55.45301,25.37086],[55.45702,25.37518],[55.45768,25.37589],[55.45703,25.37624],[55.45662,25.37649],[55.45175,25.37933],[55.4478,25.38163],[55.44752,25.38131],[55.44365,25.3772],[55.44225,25.37583],[55.4415,25.3747],[55.4412,25.37425],[55.4407,25.37356],[55.44052,25.3733],[55.4399,25.37245],[55.43977,25.37227],[55.43938,25.37171],[55.43863,25.37067],[55.43827,25.37017],[55.43797,25.36975],[55.43455,25.36505],[55.43476,25.36485],[55.43525,25.36438],[55.43597,25.36367],[55.43598,25.36366],[55.43854,25.36112],[55.4393,25.36035],[55.44013,25.35955],[55.44024,25.35944],[55.44035,25.35933],[55.44047,25.35922],[55.44059,25.35911],[55.44071,25.35901],[55.44083,25.35891],[55.44089,25.35886],[55.44102,25.35876],[55.44107,25.35872],[55.44155,25.35838]]]}},{"type":"Feature","id":86,"properties":{"id":86,"name":"الرفاعة","en":"Al Rifaa"},"geometry":{"type":"Polygon","coordinates":[[[55.42266,25.3987],[55.42262,25.39874],[55.42258,25.39877],[55.42255,25.39879],[55.42251,25.39883],[55.42244,25.39886],[55.4224,25.39886],[55.42222,25.39879],[55.42216,25.39875],[55.42203,25.39868],[55.42198,25.39862],[55.42196,25.39859],[55.42194,25.39856],[55.42193,25.39854],[55.42193,25.39852],[55.42196,25.39849],[55.42199,25.39847],[55.42201,25.39846],[55.42207,25.39847],[55.4221,25.39848],[55.42214,25.39851],[55.42223,25.39859],[55.42237,25.39868],[55.42254,25.39862],[55.42265,25.39856],[55.42274,25.39849],[55.42276,25.39848],[55.42282,25.39845],[55.42286,25.39843],[55.42288,25.39841],[55.4229,25.3984],[55.42294,25.39837],[55.42308,25.39827],[55.42305,25.39816],[55.42301,25.3981],[55.42298,25.39801],[55.42297,25.39797],[55.42296,25.39793],[55.42294,25.39787],[55.42291,25.39782],[55.42289,25.39778],[55.42287,25.39774],[55.42283,25.39768],[55.42279,25.39763],[55.42273,25.39758],[55.42266,25.39751],[55.42261,25.39747],[55.42256,25.39744],[55.42249,25.3974],[55.42245,25.39738],[55.42241,25.39735],[55.42236,25.39734],[55.42226,25.39742],[55.42222,25.39746],[55.42219,25.39749],[55.42216,25.3975],[55.42214,25.39752],[55.42211,25.39753],[55.42207,25.39754],[55.42204,25.39754],[55.42202,25.39752],[55.42201,25.3975],[55.42203,25.39748],[55.42204,25.39747],[55.42209,25.39747],[55.42214,25.39745],[55.42217,25.39743],[55.42219,25.39741],[55.42216,25.39734],[55.42212,25.39728],[55.42201,25.39721],[55.42195,25.39718],[55.42191,25.39717],[55.42186,25.39715],[55.42181,25.39714],[55.42175,25.39713],[55.42163,25.39711],[55.42139,25.39709],[55.42119,25.39733],[55.42116,25.39737],[55.42117,25.39742],[55.42105,25.39757],[55.421,25.39758],[55.42098,25.39757],[55.42092,25.39753],[55.42088,25.39749],[55.42089,25.39745],[55.42091,25.39743],[55.42095,25.39739],[55.42104,25.39732],[55.42108,25.39731],[55.42123,25.39716],[55.42132,25.39705],[55.42145,25.3968],[55.42148,25.39676],[55.42144,25.39672],[55.4214,25.39667],[55.42134,25.3966],[55.42127,25.39647],[55.42099,25.39612],[55.42067,25.39569],[55.42042,25.39539],[55.42017,25.39513],[55.42008,25.39501],[55.41976,25.39464],[55.41945,25.39437],[55.41921,25.39422],[55.41956,25.39385],[55.4202,25.39313],[55.41635,25.39047],[55.41612,25.39032],[55.41589,25.39018],[55.41566,25.39004],[55.41532,25.38984],[55.4151,25.38972],[55.41489,25.3896],[55.41477,25.38954],[55.41455,25.38943],[55.41434,25.38932],[55.41419,25.38925],[55.41426,25.3891],[55.4144,25.38877],[55.41448,25.38861],[55.41455,25.38843],[55.41463,25.38825],[55.41466,25.38818],[55.41476,25.38795],[55.41481,25.38783],[55.41518,25.38701],[55.4153,25.38676],[55.41557,25.38687],[55.41623,25.38709],[55.41641,25.38715],[55.41657,25.38721],[55.41697,25.38736],[55.41737,25.38751],[55.41745,25.38754],[55.41778,25.38768],[55.41817,25.38785],[55.41856,25.38802],[55.4187,25.38808],[55.41903,25.38824],[55.41941,25.38843],[55.41979,25.38862],[55.41988,25.38867],[55.41998,25.38873],[55.42056,25.38905],[55.42114,25.38938],[55.42743,25.39356],[55.42696,25.39414],[55.42556,25.39582],[55.42349,25.39832],[55.42333,25.39844],[55.4233,25.39841],[55.42327,25.39839],[55.42325,25.39837],[55.42323,25.39835],[55.42321,25.39834],[55.42318,25.39832],[55.42316,25.39831],[55.42315,25.3983],[55.42293,25.39847],[55.42282,25.39857],[55.42278,25.3986],[55.42275,25.39863],[55.42266,25.3987]]]}},{"type":"Feature","id":87,"properties":{"id":87,"name":"دسمان","en":"Dsman"},"geometry":{"type":"Polygon","coordinates":[[[55.42578,25.35276],[55.42586,25.35288],[55.4263,25.3535],[55.42678,25.35417],[55.42712,25.35465],[55.42769,25.3555],[55.42792,25.35585],[55.42793,25.35586],[55.42792,25.35585],[55.42479,25.35539],[55.42466,25.35537],[55.42458,25.35536],[55.42453,25.35535],[55.42447,25.35535],[55.42436,25.35533],[55.42433,25.35533],[55.42429,25.35532],[55.42418,25.35531],[55.42405,25.35529],[55.42397,25.35528],[55.4239,25.35527],[55.42383,25.35526],[55.42373,25.35525],[55.42365,25.35524],[55.42359,25.35523],[55.42357,25.35522],[55.42285,25.35513],[55.42278,25.35512],[55.42223,25.35505],[55.42215,25.35503],[55.422,25.35501],[55.42172,25.35497],[55.42096,25.35487],[55.42083,25.35486],[55.42071,25.35484],[55.42062,25.35483],[55.42051,25.35481],[55.42039,25.3548],[55.42023,25.35478],[55.4201,25.35476],[55.41984,25.35472],[55.41961,25.35469],[55.41934,25.35466],[55.41924,25.35464],[55.41911,25.35462],[55.41885,25.35459],[55.41853,25.35455],[55.41838,25.35452],[55.41822,25.3545],[55.41801,25.35448],[55.41777,25.35444],[55.41735,25.35439],[55.41718,25.35436],[55.417,25.35434],[55.41673,25.3543],[55.41654,25.35428],[55.41609,25.35422],[55.41593,25.35419],[55.41351,25.35389],[55.41348,25.35389],[55.41292,25.35379],[55.41289,25.35378],[55.41284,25.35377],[55.41278,25.35375],[55.41273,25.35373],[55.41268,25.35372],[55.41263,25.3537],[55.41258,25.35368],[55.41252,25.35366],[55.41247,25.35364],[55.41242,25.35362],[55.41237,25.3536],[55.41232,25.35357],[55.41227,25.35355],[55.41223,25.35353],[55.41218,25.3535],[55.41213,25.35348],[55.41208,25.35345],[55.41204,25.35342],[55.41199,25.35339],[55.41194,25.35336],[55.4119,25.35333],[55.41186,25.3533],[55.41181,25.35327],[55.41177,25.35324],[55.41173,25.35321],[55.41168,25.35318],[55.41164,25.35314],[55.4116,25.35311],[55.41156,25.35307],[55.41152,25.35304],[55.41148,25.353],[55.41144,25.35296],[55.41141,25.35293],[55.41137,25.35289],[55.41159,25.35276],[55.41196,25.35255],[55.4122,25.35243],[55.41262,25.35223],[55.41319,25.35193],[55.41343,25.35179],[55.41397,25.35148],[55.41407,25.35141],[55.41441,25.35122],[55.41465,25.35109],[55.41484,25.35097],[55.41496,25.35091],[55.41526,25.35074],[55.41541,25.35065],[55.41548,25.35061],[55.41567,25.3505],[55.4158,25.35043],[55.41584,25.3504],[55.41588,25.35038],[55.41593,25.35035],[55.41596,25.35033],[55.41605,25.35026],[55.41611,25.35022],[55.41617,25.35018],[55.41621,25.35015],[55.41636,25.35003],[55.4165,25.34991],[55.41658,25.34985],[55.41665,25.34979],[55.41675,25.34971],[55.41679,25.34967],[55.41712,25.3494],[55.41724,25.34931],[55.41729,25.34927],[55.41737,25.3492],[55.4174,25.34917],[55.41758,25.34903],[55.41779,25.34885],[55.41809,25.34861],[55.41823,25.34848],[55.4183,25.34842],[55.41831,25.34842],[55.41868,25.34811],[55.4205,25.34661],[55.42103,25.34611],[55.42578,25.35276]]]}},{"type":"Feature","id":88,"properties":{"id":88,"name":"شغرافة 4","en":"Shghrafa 4"},"geometry":{"type":"Polygon","coordinates":[[[55.57804,25.3469],[55.57769,25.34697],[55.56703,25.34951],[55.56497,25.35],[55.56447,25.34824],[55.56203,25.33975],[55.5613,25.3373],[55.57117,25.3348],[55.57435,25.33411],[55.57499,25.33633],[55.57517,25.33696],[55.57794,25.34658],[55.57804,25.3469]]]}},{"type":"Feature","id":89,"properties":{"id":89,"name":"الجزات","en":"Aljzat"},"geometry":{"type":"Polygon","coordinates":[[[55.43455,25.36505],[55.43393,25.36569],[55.43385,25.36577],[55.43336,25.36625],[55.43316,25.36645],[55.43302,25.36659],[55.43295,25.36666],[55.43258,25.36703],[55.43232,25.36728],[55.4322,25.36741],[55.43108,25.36851],[55.43101,25.36859],[55.43019,25.3694],[55.4301,25.36949],[55.42966,25.36992],[55.42955,25.37003],[55.42934,25.37024],[55.42926,25.37032],[55.42907,25.3705],[55.4288,25.37077],[55.42868,25.3709],[55.42849,25.37108],[55.42834,25.37123],[55.42823,25.37133],[55.42786,25.37168],[55.42769,25.37184],[55.42751,25.37169],[55.42694,25.37121],[55.4268,25.37109],[55.42607,25.37044],[55.42597,25.37035],[55.42562,25.37006],[55.42511,25.36961],[55.42483,25.36936],[55.42451,25.36908],[55.42436,25.36894],[55.42377,25.36843],[55.42343,25.36814],[55.42318,25.36792],[55.42304,25.36779],[55.4228,25.36758],[55.42247,25.36729],[55.42215,25.36701],[55.42207,25.36694],[55.42175,25.36666],[55.42153,25.36647],[55.42147,25.36642],[55.42134,25.3663],[55.42131,25.36627],[55.42115,25.36613],[55.42098,25.36599],[55.42059,25.36564],[55.4195,25.36469],[55.42793,25.35586],[55.42897,25.35724],[55.42942,25.35786],[55.42954,25.35802],[55.43188,25.3613],[55.4334,25.36343],[55.43396,25.36421],[55.43455,25.36505]]]}},{"type":"Feature","id":90,"properties":{"id":90,"name":"الصناعية - 7","en":"Industrial 7"},"geometry":{"type":"Polygon","coordinates":[[[55.38239,25.31308],[55.38225,25.31314],[55.38211,25.3132],[55.38197,25.31327],[55.38184,25.31334],[55.38171,25.31342],[55.38159,25.3135],[55.38146,25.31359],[55.38114,25.31325],[55.3809,25.31299],[55.3801,25.31214],[55.37928,25.31126],[55.3788,25.31072],[55.37866,25.31057],[55.37802,25.30989],[55.3777,25.30956],[55.37772,25.30954],[55.37791,25.30939],[55.3782,25.30917],[55.38276,25.30565],[55.38284,25.3056],[55.38289,25.30555],[55.38291,25.30554],[55.38299,25.30548],[55.38301,25.30546],[55.38306,25.30542],[55.3831,25.30538],[55.38313,25.30535],[55.38317,25.30532],[55.3832,25.30529],[55.38325,25.30525],[55.38327,25.30522],[55.3833,25.30519],[55.38334,25.30516],[55.38337,25.30512],[55.3834,25.30509],[55.38344,25.30506],[55.38347,25.30502],[55.3835,25.30499],[55.38353,25.30495],[55.38357,25.30491],[55.38359,25.30488],[55.38362,25.30485],[55.38365,25.30481],[55.38368,25.30477],[55.38371,25.30474],[55.38374,25.3047],[55.38377,25.30466],[55.38388,25.30451],[55.38393,25.30443],[55.38398,25.30436],[55.38403,25.30428],[55.38408,25.3042],[55.38411,25.30417],[55.38414,25.30413],[55.38416,25.30409],[55.38419,25.30406],[55.38419,25.30405],[55.38422,25.30402],[55.38425,25.30398],[55.38428,25.30395],[55.38431,25.30391],[55.38434,25.30387],[55.38437,25.30384],[55.38441,25.3038],[55.38444,25.30377],[55.38447,25.30374],[55.38451,25.3037],[55.38455,25.30366],[55.38458,25.30364],[55.38461,25.30361],[55.38465,25.30358],[55.38468,25.30355],[55.38472,25.30352],[55.38474,25.3035],[55.3848,25.30346],[55.38487,25.3034],[55.38502,25.30329],[55.38592,25.30374],[55.38605,25.30381],[55.38613,25.30385],[55.38619,25.30388],[55.38624,25.30391],[55.3863,25.30394],[55.38638,25.30398],[55.38642,25.30401],[55.3865,25.30406],[55.38654,25.30408],[55.3866,25.30413],[55.38665,25.30416],[55.38671,25.30421],[55.38676,25.30424],[55.38683,25.3043],[55.3869,25.30435],[55.38698,25.30443],[55.38705,25.30449],[55.38711,25.30455],[55.38715,25.30459],[55.38719,25.30463],[55.38723,25.30468],[55.38724,25.30469],[55.38965,25.30735],[55.39037,25.30815],[55.38694,25.31079],[55.38458,25.31262],[55.38452,25.31265],[55.38445,25.31271],[55.38437,25.31276],[55.38429,25.3128],[55.3842,25.31284],[55.38411,25.31288],[55.38402,25.3129],[55.38393,25.31293],[55.38385,25.31294],[55.38377,25.31295],[55.38369,25.31296],[55.38361,25.31296],[55.38317,25.31295],[55.38306,25.31295],[55.38294,25.31296],[55.38283,25.31297],[55.38272,25.31299],[55.38261,25.31302],[55.3825,25.31305],[55.38239,25.31308]]]}},{"type":"Feature","id":91,"properties":{"id":91,"name":"الغبيبة","en":"Alghbyba"},"geometry":{"type":"Polygon","coordinates":[[[55.42103,25.34611],[55.4205,25.34661],[55.41868,25.34811],[55.41831,25.34842],[55.4183,25.34842],[55.41823,25.34848],[55.41809,25.34861],[55.41779,25.34885],[55.41758,25.34903],[55.4174,25.34917],[55.41737,25.3492],[55.41729,25.34927],[55.41724,25.34931],[55.41712,25.3494],[55.41679,25.34967],[55.41675,25.34971],[55.41665,25.34979],[55.41658,25.34985],[55.4165,25.34991],[55.41636,25.35003],[55.41621,25.35015],[55.41617,25.35018],[55.41611,25.35022],[55.41605,25.35026],[55.41596,25.35033],[55.41593,25.35035],[55.41588,25.35038],[55.41584,25.3504],[55.4158,25.35043],[55.41567,25.3505],[55.41548,25.35061],[55.41541,25.35065],[55.41526,25.35074],[55.41496,25.35091],[55.41484,25.35097],[55.41465,25.35109],[55.41441,25.35122],[55.41407,25.35141],[55.41397,25.35148],[55.41343,25.35179],[55.41319,25.35193],[55.41262,25.35223],[55.4122,25.35243],[55.41196,25.35255],[55.41159,25.35276],[55.41137,25.35289],[55.4064,25.34545],[55.40512,25.34352],[55.415,25.33789],[55.41558,25.33866],[55.41598,25.33922],[55.4168,25.34034],[55.41979,25.34443],[55.42016,25.34492],[55.42051,25.3454],[55.42079,25.3458],[55.42103,25.34611]]]}},{"type":"Feature","id":92,"properties":{"id":92,"name":"مهذب سكني","en":"Mhdhb Skny"},"geometry":{"type":"Polygon","coordinates":[[[55.67722,25.40764],[55.67896,25.41196],[55.67927,25.41293],[55.68136,25.41975],[55.68037,25.42001],[55.67263,25.42196],[55.66631,25.4245],[55.66102,25.42662],[55.658,25.42823],[55.65469,25.42931],[55.65043,25.43012],[55.64695,25.41638],[55.65859,25.40952],[55.66704,25.40448],[55.67279,25.40102],[55.67476,25.39997],[55.67722,25.40764]]]}},{"type":"Feature","id":93,"properties":{"id":93,"name":"الموردة 6","en":"Almwrda 6"},"geometry":{"type":"Polygon","coordinates":[[[55.63161,25.2634],[55.62051,25.26762],[55.61917,25.26813],[55.614,25.25702],[55.62642,25.25223],[55.63161,25.2634]]]}},{"type":"Feature","id":94,"properties":{"id":94,"name":"الموردة 5","en":"Almwrda 5"},"geometry":{"type":"Polygon","coordinates":[[[55.61917,25.26813],[55.60678,25.27274],[55.60641,25.27204],[55.60165,25.26166],[55.61371,25.25706],[55.614,25.25702],[55.61917,25.26813]]]}},{"type":"Feature","id":95,"properties":{"id":95,"name":"مطار الشارقة الـدولي","en":"Sharjah Airport"},"geometry":{"type":"Polygon","coordinates":[[[55.5482,25.34019],[55.5277,25.34571],[55.51705,25.34731],[55.50611,25.34866],[55.49702,25.35439],[55.49572,25.35452],[55.49081,25.34784],[55.48695,25.35002],[55.47255,25.33072],[55.47511,25.32953],[55.47707,25.32864],[55.47808,25.32816],[55.47853,25.32801],[55.47911,25.32786],[55.47969,25.32772],[55.47976,25.3277],[55.48709,25.32568],[55.49349,25.32401],[55.50512,25.3209],[55.5055,25.32061],[55.51028,25.3193],[55.51105,25.31909],[55.5113,25.31902],[55.51192,25.31885],[55.51193,25.31885],[55.51196,25.31884],[55.51323,25.31855],[55.51357,25.31849],[55.51358,25.31849],[55.51392,25.31844],[55.51427,25.31838],[55.51808,25.31779],[55.51913,25.31763],[55.51914,25.31763],[55.52438,25.31682],[55.5244,25.31682],[55.5438,25.31383],[55.54399,25.31522],[55.54714,25.3162],[55.5474,25.31629],[55.54766,25.31638],[55.54792,25.31648],[55.54817,25.31658],[55.54842,25.3167],[55.54867,25.31682],[55.54892,25.31694],[55.54916,25.31707],[55.54939,25.31721],[55.54962,25.31735],[55.54985,25.3175],[55.55007,25.31766],[55.55029,25.31782],[55.5505,25.31798],[55.55071,25.31815],[55.55091,25.31833],[55.55111,25.31851],[55.5513,25.3187],[55.55148,25.31889],[55.55166,25.31909],[55.55183,25.31929],[55.552,25.31949],[55.55216,25.3197],[55.55231,25.31992],[55.55246,25.32013],[55.5526,25.32035],[55.55273,25.32058],[55.55286,25.32081],[55.55491,25.32465],[55.55513,25.32508],[55.55354,25.32577],[55.55902,25.33604],[55.55971,25.33766],[55.55941,25.33772],[55.55184,25.33939],[55.5482,25.34019]]]}},{"type":"Feature","id":96,"properties":{"id":96,"name":"المنطقة الحرة بالحمرية","en":"Hamriyah Free Zone"},"geometry":{"type":"Polygon","coordinates":[[[55.49275,25.48136],[55.49032,25.48216],[55.48956,25.48239],[55.48951,25.4824],[55.48945,25.48244],[55.48937,25.48246],[55.48931,25.48243],[55.48928,25.48236],[55.48928,25.48224],[55.48939,25.48193],[55.48892,25.48119],[55.4878,25.47937],[55.48697,25.47809],[55.48639,25.47711],[55.48581,25.47631],[55.48558,25.47622],[55.48547,25.47617],[55.48535,25.4762],[55.48517,25.47631],[55.48377,25.47641],[55.4808,25.47549],[55.48082,25.47541],[55.48086,25.47532],[55.48089,25.4753],[55.481,25.47529],[55.48111,25.47537],[55.48112,25.47542],[55.48159,25.47556],[55.48208,25.47532],[55.48187,25.47499],[55.48177,25.47486],[55.48178,25.47482],[55.48185,25.47478],[55.48314,25.47411],[55.48377,25.47372],[55.48595,25.47256],[55.4827,25.46759],[55.48271,25.46755],[55.48308,25.46735],[55.48261,25.46672],[55.4826,25.46666],[55.48262,25.4666],[55.48267,25.46654],[55.48274,25.46651],[55.48251,25.46615],[55.48243,25.46609],[55.48239,25.46608],[55.48232,25.46609],[55.48224,25.46613],[55.48164,25.46646],[55.48082,25.46689],[55.47971,25.46749],[55.47956,25.46753],[55.47939,25.46749],[55.47931,25.46749],[55.47885,25.46772],[55.4788,25.46775],[55.47871,25.46775],[55.47828,25.468],[55.4748,25.46397],[55.47465,25.46328],[55.47409,25.46278],[55.47356,25.46233],[55.47333,25.46208],[55.47319,25.46195],[55.47313,25.46182],[55.47308,25.46164],[55.47305,25.46153],[55.47308,25.46145],[55.47314,25.46141],[55.47324,25.46142],[55.47329,25.46148],[55.4733,25.4615],[55.4733,25.46152],[55.47331,25.46163],[55.47335,25.46175],[55.47347,25.46185],[55.47351,25.46189],[55.4741,25.46245],[55.47454,25.46285],[55.4754,25.46269],[55.47514,25.46143],[55.47461,25.46152],[55.47459,25.46163],[55.47435,25.46167],[55.47429,25.46165],[55.47419,25.46121],[55.47421,25.46109],[55.47425,25.46102],[55.4744,25.4609],[55.47594,25.46007],[55.47673,25.45964],[55.47738,25.45924],[55.47715,25.45853],[55.47691,25.45788],[55.47682,25.45764],[55.47673,25.45726],[55.47652,25.45666],[55.47642,25.45641],[55.47633,25.45614],[55.47624,25.45592],[55.47609,25.45563],[55.47589,25.45508],[55.47569,25.45467],[55.47554,25.45448],[55.47541,25.45429],[55.47526,25.45415],[55.47512,25.45396],[55.47495,25.45375],[55.47461,25.4534],[55.47423,25.45293],[55.4739,25.45242],[55.47356,25.45201],[55.47341,25.45175],[55.47325,25.45164],[55.47296,25.45138],[55.4728,25.45124],[55.4727,25.45102],[55.47252,25.45082],[55.47241,25.4507],[55.47265,25.45055],[55.47399,25.44948],[55.47504,25.44864],[55.47713,25.4472],[55.48199,25.44414],[55.48409,25.44281],[55.48584,25.44213],[55.48796,25.442],[55.50607,25.44432],[55.50917,25.4447],[55.51187,25.44505],[55.5164,25.44559],[55.51852,25.44565],[55.52223,25.44578],[55.53433,25.44666],[55.53663,25.44622],[55.55507,25.43953],[55.56932,25.43435],[55.57854,25.43099],[55.59143,25.42631],[55.59275,25.42584],[55.59378,25.42803],[55.59413,25.42872],[55.59455,25.4295],[55.59502,25.43033],[55.59537,25.43095],[55.59594,25.43187],[55.59664,25.43296],[55.59723,25.43381],[55.59784,25.43465],[55.59849,25.4355],[55.59862,25.43566],[55.59922,25.43642],[55.59997,25.43732],[55.60061,25.43805],[55.60132,25.43882],[55.60158,25.43909],[55.60198,25.4395],[55.60144,25.43978],[55.60149,25.43994],[55.60153,25.44009],[55.60156,25.44025],[55.60159,25.44041],[55.60161,25.44057],[55.60162,25.44073],[55.60162,25.44089],[55.60162,25.44105],[55.6016,25.44121],[55.60158,25.44137],[55.60156,25.44153],[55.60152,25.44169],[55.60148,25.44185],[55.60143,25.442],[55.60137,25.44215],[55.60131,25.4423],[55.60124,25.44245],[55.60116,25.44259],[55.60107,25.44273],[55.60098,25.44287],[55.60088,25.443],[55.60078,25.44313],[55.60067,25.44326],[55.60055,25.44338],[55.60043,25.4435],[55.6003,25.44361],[55.60017,25.44372],[55.60003,25.44382],[55.59989,25.44391],[55.59548,25.44639],[55.55956,25.46138],[55.55925,25.46144],[55.55893,25.4615],[55.55862,25.46156],[55.5583,25.4616],[55.55799,25.46164],[55.55767,25.46168],[55.55735,25.4617],[55.55703,25.46172],[55.55671,25.46173],[55.55639,25.46174],[55.55607,25.46174],[55.55575,25.46173],[55.55543,25.46171],[55.55511,25.46169],[55.5548,25.46166],[55.55448,25.46163],[55.55416,25.46158],[55.55385,25.46153],[55.55353,25.46148],[55.55322,25.46141],[55.55291,25.46135],[55.5526,25.46127],[55.5523,25.46119],[55.54098,25.45752],[55.53589,25.45587],[55.53528,25.45553],[55.53497,25.45537],[55.53466,25.45522],[55.53434,25.45507],[55.53402,25.45493],[55.5337,25.45479],[55.53337,25.45466],[55.53304,25.45454],[55.53271,25.45442],[55.53237,25.45431],[55.53203,25.45421],[55.53169,25.45411],[55.53135,25.45402],[55.531,25.45393],[55.53066,25.45385],[55.53031,25.45378],[55.52996,25.45372],[55.52961,25.45366],[55.52926,25.45361],[55.5289,25.45356],[55.52855,25.45352],[55.52819,25.45349],[55.52784,25.45347],[55.52748,25.45345],[55.52712,25.45344],[55.52677,25.45343],[55.52641,25.45343],[55.52597,25.45343],[55.52553,25.45343],[55.52508,25.45344],[55.52464,25.45346],[55.5242,25.45348],[55.52376,25.45351],[55.52332,25.45355],[55.52288,25.4536],[55.52244,25.45365],[55.52201,25.45371],[55.52157,25.45378],[55.52113,25.45385],[55.5207,25.45393],[55.52027,25.45402],[55.51984,25.45411],[55.51941,25.45421],[55.51899,25.45432],[55.51856,25.45444],[55.51814,25.45456],[55.51772,25.45469],[55.51731,25.45483],[55.51689,25.45497],[55.51648,25.45512],[55.51608,25.45527],[55.51567,25.45544],[55.51527,25.45561],[55.51332,25.45655],[55.51997,25.47001],[55.51685,25.47215],[55.51657,25.47355],[55.51641,25.47384],[55.51625,25.47412],[55.51608,25.4744],[55.5159,25.47468],[55.51572,25.47496],[55.51553,25.47523],[55.51533,25.4755],[55.51513,25.47577],[55.51492,25.47603],[55.51471,25.47629],[55.51449,25.47654],[55.51432,25.47672],[55.51415,25.4769],[55.51396,25.47707],[55.51378,25.47724],[55.51359,25.47741],[55.51339,25.47756],[55.51319,25.47772],[55.51298,25.47786],[55.51277,25.47801],[55.51255,25.47814],[55.51233,25.47827],[55.51211,25.4784],[55.51188,25.47851],[55.51165,25.47863],[55.51141,25.47873],[55.51118,25.47883],[55.51093,25.47893],[55.51069,25.47901],[55.51044,25.47909],[55.51019,25.47917],[55.50994,25.47924],[55.50969,25.4793],[55.50943,25.47935],[55.50917,25.4794],[55.50891,25.47944],[55.50865,25.47947],[55.50839,25.4795],[55.50813,25.47952],[55.50787,25.47953],[55.5076,25.47954],[55.50734,25.47953],[55.50708,25.47953],[55.50682,25.47951],[55.50656,25.47949],[55.50629,25.47946],[55.50603,25.47942],[55.50578,25.47938],[55.50552,25.47933],[55.50526,25.47928],[55.50501,25.47921],[55.50476,25.47914],[55.50451,25.47907],[55.50426,25.47899],[55.50402,25.4789],[55.50378,25.4788],[55.50354,25.4787],[55.50331,25.47859],[55.49821,25.47552],[55.4981,25.47545],[55.49799,25.47539],[55.49787,25.47533],[55.49775,25.47528],[55.49763,25.47523],[55.49751,25.4752],[55.49738,25.47517],[55.49725,25.47514],[55.49712,25.47513],[55.49698,25.47512],[55.49685,25.47511],[55.49672,25.47512],[55.49659,25.47513],[55.49646,25.47514],[55.49633,25.47517],[55.4962,25.4752],[55.49607,25.47524],[55.49595,25.47528],[55.49583,25.47533],[55.49571,25.47539],[55.4956,25.47545],[55.49549,25.47552],[55.49539,25.47559],[55.49529,25.47567],[55.49519,25.47575],[55.4951,25.47584],[55.49275,25.48136]]]}},{"type":"Feature","id":97,"properties":{"id":97,"name":"عرقوب","en":"Arqoub"},"geometry":{"type":"Polygon","coordinates":[[[55.62346,25.43524],[55.61611,25.44211],[55.61049,25.44736],[55.60948,25.44629],[55.60906,25.44588],[55.60808,25.44496],[55.60778,25.44468],[55.60716,25.44414],[55.60645,25.44353],[55.60589,25.44305],[55.6052,25.44251],[55.6047,25.44208],[55.60426,25.4417],[55.60369,25.44117],[55.60341,25.44091],[55.60313,25.44064],[55.60281,25.44033],[55.60222,25.43975],[55.60209,25.43962],[55.60198,25.4395],[55.60158,25.43909],[55.60132,25.43882],[55.60061,25.43805],[55.59997,25.43732],[55.59922,25.43642],[55.59862,25.43566],[55.59849,25.4355],[55.59784,25.43465],[55.59723,25.43381],[55.59664,25.43296],[55.59594,25.43187],[55.59537,25.43095],[55.59502,25.43033],[55.59455,25.4295],[55.59413,25.42872],[55.59378,25.42803],[55.59275,25.42584],[55.59647,25.42451],[55.59897,25.42408],[55.60347,25.42345],[55.61584,25.4217],[55.61716,25.42151],[55.61726,25.42149],[55.61729,25.42156],[55.61901,25.42667],[55.61906,25.42683],[55.61918,25.42713],[55.61929,25.42743],[55.61941,25.42774],[55.61954,25.42803],[55.61968,25.42833],[55.61982,25.42863],[55.61996,25.42892],[55.62011,25.42921],[55.62027,25.4295],[55.62043,25.42978],[55.6206,25.43007],[55.62077,25.43035],[55.62095,25.43063],[55.62113,25.4309],[55.62118,25.43098],[55.62278,25.43328],[55.62387,25.43486],[55.62403,25.43513],[55.62346,25.43524]]]}},{"type":"Feature","id":98,"properties":{"id":98,"name":"الشويهين","en":"Alshwyhyn"},"geometry":{"type":"Polygon","coordinates":[[[55.39081,25.36244],[55.39073,25.3625],[55.38813,25.36419],[55.38796,25.36431],[55.38788,25.36421],[55.38648,25.36241],[55.38379,25.36031],[55.38368,25.36022],[55.38387,25.36009],[55.38567,25.35904],[55.38568,25.35903],[55.38729,25.35809],[55.38824,25.35753],[55.38887,25.35846],[55.38893,25.35855],[55.38904,25.35871],[55.38923,25.35898],[55.38934,25.35913],[55.38943,25.35927],[55.38984,25.36003],[55.39026,25.36091],[55.39062,25.36162],[55.39079,25.36197],[55.391,25.36234],[55.39081,25.36244]]]}},{"type":"Feature","id":99,"properties":{"id":99,"name":"الطلاع","en":"Altlaa"},"geometry":{"type":"Polygon","coordinates":[[[55.4492,25.34433],[55.44746,25.34514],[55.44085,25.33616],[55.44068,25.33592],[55.44025,25.33534],[55.43975,25.33466],[55.44064,25.33427],[55.44085,25.33418],[55.44097,25.33413],[55.44111,25.33406],[55.44183,25.33375],[55.44197,25.33369],[55.44235,25.33352],[55.44263,25.3334],[55.443,25.33324],[55.44342,25.33306],[55.44447,25.3326],[55.44488,25.33242],[55.44551,25.33215],[55.44564,25.33209],[55.44573,25.33205],[55.44656,25.33169],[55.44715,25.33143],[55.44787,25.33111],[55.44812,25.33101],[55.44837,25.3309],[55.44924,25.3305],[55.44987,25.33138],[55.4504,25.3321],[55.45254,25.335],[55.45263,25.33512],[55.45523,25.33867],[55.45646,25.34034],[55.45641,25.34037],[55.4549,25.34142],[55.45457,25.34164],[55.45396,25.34204],[55.45325,25.34244],[55.45275,25.34268],[55.45245,25.34283],[55.45019,25.34386],[55.44945,25.34422],[55.4492,25.34433]]]}},{"type":"Feature","id":100,"properties":{"id":100,"name":"الرقيبة 1","en":"Alrqyba 1"},"geometry":{"type":"Polygon","coordinates":[[[55.60436,25.23594],[55.59192,25.24067],[55.58718,25.23036],[55.59963,25.22562],[55.60436,25.23594]]]}},{"type":"Feature","id":101,"properties":{"id":101,"name":"الفلج","en":"Alflj"},"geometry":{"type":"Polygon","coordinates":[[[55.44155,25.35838],[55.44107,25.35872],[55.44102,25.35876],[55.44089,25.35886],[55.44083,25.35891],[55.44071,25.35901],[55.44059,25.35911],[55.44047,25.35922],[55.44035,25.35933],[55.44024,25.35944],[55.44013,25.35955],[55.4393,25.36035],[55.43854,25.36112],[55.43598,25.36366],[55.43597,25.36367],[55.43525,25.36438],[55.43476,25.36485],[55.43455,25.36505],[55.43396,25.36421],[55.4334,25.36343],[55.43188,25.3613],[55.42954,25.35802],[55.42942,25.35786],[55.42897,25.35724],[55.42793,25.35586],[55.4294,25.35477],[55.42944,25.35474],[55.42947,25.35472],[55.42951,25.35469],[55.42975,25.35452],[55.43109,25.35353],[55.43258,25.35245],[55.43313,25.35205],[55.43417,25.35136],[55.43479,25.351],[55.43604,25.35045],[55.43605,25.35045],[55.43663,25.35139],[55.43939,25.35543],[55.43994,25.35623],[55.44031,25.35676],[55.4407,25.35729],[55.44109,25.35781],[55.44155,25.35838]]]}},{"type":"Feature","id":102,"properties":{"id":102,"name":"الغافية","en":"Alghafya"},"geometry":{"type":"Polygon","coordinates":[[[55.4478,25.38163],[55.44709,25.38204],[55.44487,25.38334],[55.44239,25.38479],[55.44207,25.38444],[55.44019,25.38281],[55.43988,25.38253],[55.43941,25.38212],[55.43854,25.38136],[55.43822,25.38108],[55.43815,25.38102],[55.43796,25.38085],[55.43676,25.3798],[55.43657,25.37963],[55.43602,25.37915],[55.43402,25.37739],[55.43328,25.37675],[55.43272,25.37625],[55.43193,25.37556],[55.4298,25.3737],[55.42885,25.37288],[55.42867,25.37272],[55.42841,25.3725],[55.42782,25.37196],[55.42769,25.37184],[55.42786,25.37168],[55.42823,25.37133],[55.42834,25.37123],[55.42849,25.37108],[55.42868,25.3709],[55.4288,25.37077],[55.42907,25.3705],[55.42926,25.37032],[55.42934,25.37024],[55.42955,25.37003],[55.42966,25.36992],[55.4301,25.36949],[55.43019,25.3694],[55.43101,25.36859],[55.43108,25.36851],[55.4322,25.36741],[55.43232,25.36728],[55.43258,25.36703],[55.43295,25.36666],[55.43302,25.36659],[55.43316,25.36645],[55.43336,25.36625],[55.43385,25.36577],[55.43393,25.36569],[55.43455,25.36505],[55.43797,25.36975],[55.43827,25.37017],[55.43863,25.37067],[55.43938,25.37171],[55.43977,25.37227],[55.4399,25.37245],[55.44052,25.3733],[55.4407,25.37356],[55.4412,25.37425],[55.4415,25.3747],[55.44225,25.37583],[55.44365,25.3772],[55.44752,25.38131],[55.4478,25.38163]]]}},{"type":"Feature","id":103,"properties":{"id":103,"name":"الخزامية","en":"Alkhzamya"},"geometry":{"type":"Polygon","coordinates":[[[55.44025,25.33534],[55.44068,25.33592],[55.44085,25.33616],[55.44746,25.34514],[55.44602,25.3458],[55.44494,25.34629],[55.442,25.34765],[55.44112,25.34803],[55.43683,25.3502],[55.43605,25.35045],[55.43597,25.35034],[55.434,25.34765],[55.43361,25.34709],[55.43346,25.34689],[55.43333,25.34671],[55.4333,25.34666],[55.43319,25.3465],[55.43299,25.34622],[55.43284,25.34601],[55.43274,25.34586],[55.43256,25.34562],[55.43173,25.34445],[55.43154,25.34418],[55.42994,25.34194],[55.42918,25.34086],[55.42914,25.34081],[55.42909,25.34074],[55.42955,25.34048],[55.43005,25.3402],[55.43026,25.34007],[55.43049,25.33993],[55.43051,25.33992],[55.43091,25.33969],[55.43113,25.33957],[55.43133,25.33945],[55.43172,25.33923],[55.43203,25.33905],[55.43231,25.3389],[55.43259,25.33873],[55.43277,25.33863],[55.43341,25.33827],[55.43376,25.33806],[55.43425,25.33779],[55.4344,25.33769],[55.43482,25.33745],[55.43513,25.33726],[55.43564,25.33699],[55.43617,25.33669],[55.43694,25.33624],[55.43738,25.336],[55.43927,25.33492],[55.43975,25.33466],[55.44025,25.33534]]]}},{"type":"Feature","id":104,"properties":{"id":104,"name":"الغوير","en":"Alghwyr"},"geometry":{"type":"Polygon","coordinates":[[[55.39499,25.36033],[55.39385,25.36096],[55.39343,25.36119],[55.39319,25.36132],[55.39313,25.36135],[55.3926,25.3616],[55.39122,25.36223],[55.391,25.36234],[55.39079,25.36197],[55.39062,25.36162],[55.39026,25.36091],[55.38984,25.36003],[55.38943,25.35927],[55.38934,25.35913],[55.38923,25.35898],[55.38904,25.35871],[55.38893,25.35855],[55.38887,25.35846],[55.38824,25.35753],[55.38813,25.35737],[55.38764,25.35663],[55.38758,25.35653],[55.38746,25.35634],[55.38739,25.35623],[55.38732,25.35612],[55.38696,25.35561],[55.38738,25.35532],[55.38752,25.35522],[55.38789,25.35496],[55.38825,25.35472],[55.38848,25.35457],[55.38868,25.35446],[55.38897,25.35433],[55.38936,25.35417],[55.38971,25.35403],[55.38975,25.35401],[55.38982,25.35397],[55.38986,25.35395],[55.38991,25.35393],[55.38996,25.35391],[55.39004,25.35387],[55.39012,25.35382],[55.39088,25.35339],[55.39101,25.35363],[55.39106,25.35384],[55.39109,25.35393],[55.39111,25.35398],[55.39115,25.35407],[55.39118,25.35414],[55.39123,25.35423],[55.39131,25.35438],[55.39145,25.3546],[55.39158,25.35476],[55.39175,25.35502],[55.39199,25.35537],[55.39216,25.3556],[55.39234,25.35584],[55.39257,25.35618],[55.39289,25.35666],[55.39388,25.35823],[55.39426,25.35885],[55.3951,25.3602],[55.39511,25.36031],[55.39499,25.36033]]]}},{"type":"Feature","id":105,"properties":{"id":105,"name":"الشيوخ","en":"Alshywkh"},"geometry":{"type":"Polygon","coordinates":[[[55.38824,25.35753],[55.38729,25.35809],[55.38568,25.35903],[55.38567,25.35904],[55.38387,25.36009],[55.38368,25.36022],[55.38222,25.35908],[55.38239,25.35895],[55.38313,25.35839],[55.38348,25.35811],[55.38416,25.35763],[55.38454,25.35709],[55.38496,25.35691],[55.38574,25.35618],[55.38584,25.3561],[55.38635,25.35561],[55.38637,25.3556],[55.38638,25.35558],[55.38639,25.35557],[55.38641,25.35556],[55.38642,25.35555],[55.38644,25.35554],[55.38645,25.35553],[55.38647,25.35552],[55.38648,25.35551],[55.38649,25.35551],[55.38677,25.35534],[55.38696,25.35561],[55.38732,25.35612],[55.38739,25.35623],[55.38746,25.35634],[55.38758,25.35653],[55.38764,25.35663],[55.38813,25.35737],[55.38824,25.35753]]]}},{"type":"Feature","id":106,"properties":{"id":106,"name":"الرفاع","en":"Al Rifaa"},"geometry":{"type":"Polygon","coordinates":[[[55.46522,25.3343],[55.46495,25.33448],[55.46374,25.33531],[55.46202,25.3365],[55.45949,25.33824],[55.45844,25.33897],[55.45752,25.3396],[55.45646,25.34034],[55.45523,25.33867],[55.45263,25.33512],[55.45254,25.335],[55.4504,25.3321],[55.44987,25.33138],[55.44924,25.3305],[55.45039,25.32999],[55.45112,25.32965],[55.45198,25.32926],[55.45264,25.32896],[55.45287,25.32885],[55.4533,25.32866],[55.45337,25.32862],[55.45382,25.32842],[55.45386,25.3284],[55.45455,25.32808],[55.45537,25.32771],[55.45562,25.32759],[55.45584,25.3275],[55.45625,25.32731],[55.45652,25.32718],[55.45697,25.32697],[55.45724,25.32685],[55.45763,25.32665],[55.45802,25.32649],[55.45827,25.32637],[55.45906,25.32597],[55.46213,25.33014],[55.46275,25.33098],[55.46449,25.33322],[55.46522,25.3343]]]}},{"type":"Feature","id":107,"properties":{"id":107,"name":"الموردة 2","en":"Almwrda 2"},"geometry":{"type":"Polygon","coordinates":[[[55.62642,25.25223],[55.614,25.25702],[55.60897,25.24596],[55.60885,25.24571],[55.61522,25.24329],[55.62054,25.24127],[55.62116,25.24104],[55.62131,25.24098],[55.62136,25.24111],[55.62642,25.25223]]]}},{"type":"Feature","id":108,"properties":{"id":108,"name":"منتزة الجزيرة","en":"Mntza Aljzyra"},"geometry":{"type":"Polygon","coordinates":[[[55.38067,25.34666],[55.38057,25.3467],[55.38012,25.34678],[55.37876,25.34699],[55.37869,25.347],[55.37867,25.347],[55.37858,25.347],[55.3785,25.34699],[55.37842,25.34698],[55.37834,25.34696],[55.37826,25.34693],[55.37819,25.3469],[55.37812,25.34686],[55.37805,25.34682],[55.37799,25.34677],[55.37793,25.34671],[55.37788,25.34665],[55.37783,25.34659],[55.37779,25.34653],[55.37775,25.34646],[55.37773,25.34639],[55.37772,25.34637],[55.3777,25.3463],[55.37774,25.34607],[55.37805,25.34377],[55.37797,25.34348],[55.37756,25.34281],[55.37753,25.3427],[55.37734,25.34261],[55.37737,25.3423],[55.37741,25.34199],[55.37735,25.34189],[55.37742,25.34188],[55.37745,25.34164],[55.37758,25.34182],[55.37771,25.34199],[55.37773,25.34198],[55.3778,25.34197],[55.37788,25.34201],[55.37795,25.34205],[55.37797,25.34205],[55.37799,25.34206],[55.37806,25.34206],[55.37807,25.34205],[55.37814,25.34203],[55.37819,25.342],[55.37823,25.34197],[55.37846,25.3418],[55.38017,25.3403],[55.38025,25.34025],[55.38032,25.34022],[55.38042,25.34017],[55.38053,25.34015],[55.38058,25.34014],[55.38063,25.34014],[55.38075,25.34016],[55.38086,25.34022],[55.38096,25.34028],[55.38103,25.34035],[55.38108,25.34043],[55.38109,25.34048],[55.38111,25.34052],[55.38112,25.34059],[55.38118,25.34113],[55.38133,25.34266],[55.3814,25.34337],[55.38155,25.34485],[55.38156,25.34496],[55.38156,25.34506],[55.38155,25.3452],[55.38153,25.34534],[55.38152,25.3454],[55.3815,25.34547],[55.38145,25.34562],[55.38137,25.34581],[55.38127,25.34597],[55.38117,25.34609],[55.38108,25.34619],[55.38102,25.34626],[55.38067,25.34666]]]}},{"type":"Feature","id":109,"properties":{"id":109,"name":"الموردة 1","en":"Almwrda 1"},"geometry":{"type":"Polygon","coordinates":[[[55.614,25.25702],[55.61371,25.25706],[55.60165,25.26166],[55.59639,25.25041],[55.60885,25.24571],[55.60897,25.24596],[55.614,25.25702]]]}},{"type":"Feature","id":110,"properties":{"id":110,"name":"الياش","en":"Al Yash"},"geometry":{"type":"Polygon","coordinates":[[[55.46589,25.33522],[55.46633,25.33584],[55.47051,25.34177],[55.47096,25.3424],[55.4715,25.34314],[55.47032,25.34386],[55.46908,25.34462],[55.46874,25.34482],[55.46679,25.34601],[55.46418,25.34761],[55.46402,25.3477],[55.46345,25.34805],[55.46296,25.34835],[55.46256,25.34859],[55.45646,25.34034],[55.45752,25.3396],[55.45844,25.33897],[55.45949,25.33824],[55.46202,25.3365],[55.46374,25.33531],[55.46495,25.33448],[55.46522,25.3343],[55.46589,25.33522]]]}},{"type":"Feature","id":111,"properties":{"id":111,"name":"روضة السدر","en":"Rwda Alsdr"},"geometry":{"type":"Polygon","coordinates":[[[55.6647,25.26664],[55.67219,25.28242],[55.66373,25.28603],[55.66342,25.28616],[55.6631,25.28629],[55.66279,25.28641],[55.66247,25.28653],[55.66215,25.28663],[55.66182,25.28674],[55.6615,25.28683],[55.66117,25.28692],[55.66084,25.287],[55.6605,25.28707],[55.66017,25.28714],[55.65983,25.2872],[55.65949,25.28726],[55.65915,25.2873],[55.65881,25.28734],[55.65847,25.28738],[55.65813,25.2874],[55.65635,25.28732],[55.65569,25.28726],[55.6548,25.28717],[55.65459,25.28714],[55.65371,25.28705],[55.65284,25.28696],[55.65178,25.28684],[55.65092,25.28675],[55.65053,25.28671],[55.65004,25.28295],[55.64821,25.27026],[55.64858,25.2702],[55.64894,25.27012],[55.6493,25.27005],[55.64972,25.26995],[55.65013,25.26985],[55.65054,25.26975],[55.65095,25.26964],[55.65136,25.26952],[55.65176,25.26939],[55.65217,25.26926],[55.65257,25.26912],[55.65279,25.26904],[55.65302,25.26895],[55.66386,25.26488],[55.66387,25.26488],[55.6647,25.26664]]]}},{"type":"Feature","id":112,"properties":{"id":112,"name":"الموردة  4","en":"Almwrda 4"},"geometry":{"type":"Polygon","coordinates":[[[55.65303,25.24218],[55.63894,25.24754],[55.63382,25.2364],[55.63375,25.23624],[55.63391,25.23619],[55.64766,25.23095],[55.65303,25.24218]]]}},{"type":"Feature","id":113,"properties":{"id":113,"name":"القوز","en":"Al Qoz"},"geometry":{"type":"Polygon","coordinates":[[[55.45317,25.3529],[55.45248,25.35321],[55.45222,25.35333],[55.45181,25.35352],[55.45074,25.35401],[55.45044,25.35415],[55.44987,25.35441],[55.44959,25.35454],[55.4491,25.35476],[55.44894,25.35483],[55.44853,25.35502],[55.44801,25.35526],[55.44748,25.3555],[55.44708,25.35569],[55.44639,25.356],[55.44618,25.3561],[55.4458,25.35627],[55.44559,25.35638],[55.44542,25.35645],[55.44301,25.35756],[55.44295,25.35759],[55.44279,25.35766],[55.44264,25.35774],[55.44248,25.35782],[55.44233,25.3579],[55.44218,25.35798],[55.44216,25.358],[55.44202,25.35808],[55.44188,25.35816],[55.44174,25.35825],[55.4416,25.35834],[55.44155,25.35838],[55.44109,25.35781],[55.4407,25.35729],[55.44031,25.35676],[55.43994,25.35623],[55.43939,25.35543],[55.43663,25.35139],[55.43605,25.35045],[55.43683,25.3502],[55.44112,25.34803],[55.442,25.34765],[55.44494,25.34629],[55.44602,25.3458],[55.44746,25.34514],[55.45317,25.3529]]]}},{"type":"Feature","id":114,"properties":{"id":114,"name":"شعبية الدفين","en":"Shabya Aldfyn"},"geometry":{"type":"Polygon","coordinates":[[[55.60119,25.31358],[55.5938,25.31662],[55.59339,25.31579],[55.59222,25.31343],[55.59964,25.31023],[55.60119,25.31358]]]}},{"type":"Feature","id":115,"properties":{"id":115,"name":"شغرافة 1","en":"Shghrafa 1"},"geometry":{"type":"Polygon","coordinates":[[[55.56892,25.36368],[55.5689,25.36368],[55.56812,25.36369],[55.56735,25.36371],[55.56658,25.36374],[55.5658,25.36377],[55.5649,25.3638],[55.564,25.36383],[55.5631,25.36385],[55.5622,25.36387],[55.56129,25.36388],[55.56039,25.36388],[55.55949,25.36388],[55.55859,25.36387],[55.55769,25.36386],[55.55679,25.36384],[55.55589,25.36381],[55.55499,25.36378],[55.55414,25.36084],[55.55343,25.35839],[55.5531,25.35725],[55.55191,25.3531],[55.56275,25.35053],[55.56497,25.35],[55.56548,25.35176],[55.56668,25.35593],[55.56892,25.36368]]]}},{"type":"Feature","id":116,"properties":{"id":116,"name":"الموردة  3","en":"Almwrda 3"},"geometry":{"type":"Polygon","coordinates":[[[55.63894,25.24754],[55.62642,25.25223],[55.62136,25.24111],[55.62131,25.24098],[55.62147,25.24092],[55.63357,25.23631],[55.63375,25.23624],[55.63382,25.2364],[55.63894,25.24754]]]}},{"type":"Feature","id":117,"properties":{"id":117,"name":"فلاح الزراعية","en":"Flah Alzraaya"},"geometry":{"type":"Polygon","coordinates":[[[55.55977,25.31242],[55.55817,25.31251],[55.5576,25.31253],[55.55526,25.31266],[55.55418,25.31272],[55.55291,25.3128],[55.55215,25.31284],[55.55143,25.31288],[55.55142,25.31288],[55.5504,25.31294],[55.55039,25.31294],[55.54984,25.31297],[55.54983,25.31297],[55.54946,25.313],[55.54945,25.313],[55.54914,25.31303],[55.54912,25.31303],[55.54823,25.31313],[55.54823,25.31314],[55.54822,25.31314],[55.54821,25.31314],[55.54712,25.31331],[55.54649,25.31342],[55.54633,25.31344],[55.5438,25.31383],[55.54353,25.3104],[55.54348,25.30975],[55.54347,25.30962],[55.54345,25.30948],[55.54343,25.3093],[55.5434,25.30911],[55.54373,25.30856],[55.54375,25.3082],[55.54334,25.30178],[55.54304,25.3018],[55.54287,25.299],[55.55721,25.29827],[55.55821,25.29808],[55.55831,25.29824],[55.55841,25.29841],[55.55851,25.29858],[55.55859,25.29875],[55.55864,25.29885],[55.55868,25.29895],[55.55872,25.29905],[55.55877,25.29918],[55.55881,25.29931],[55.55885,25.29945],[55.55888,25.29958],[55.55891,25.29971],[55.55894,25.29985],[55.55904,25.30106],[55.55963,25.31016],[55.55964,25.3103],[55.55964,25.31033],[55.55977,25.31242]]]}},{"type":"Feature","id":118,"properties":{"id":118,"name":"الموردة  7","en":"Almwrda 7"},"geometry":{"type":"Polygon","coordinates":[[[55.64406,25.25866],[55.63161,25.2634],[55.62642,25.25223],[55.63894,25.24754],[55.63981,25.24943],[55.64406,25.25866]]]}},{"type":"Feature","id":119,"properties":{"id":119,"name":"الموردة  8","en":"Almwrda 8"},"geometry":{"type":"Polygon","coordinates":[[[55.6583,25.25324],[55.64406,25.25866],[55.63981,25.24943],[55.63894,25.24754],[55.65303,25.24218],[55.6532,25.24254],[55.65367,25.24352],[55.65752,25.25161],[55.65786,25.2523],[55.6583,25.25324]]]}},{"type":"Feature","id":120,"properties":{"id":120,"name":"حمرية غرب","en":"Hmrya Ghrb"},"geometry":{"type":"Polygon","coordinates":[[[55.54635,25.49346],[55.54121,25.4987],[55.53472,25.50531],[55.52794,25.51222],[55.52129,25.51899],[55.52116,25.5191],[55.52108,25.51901],[55.52048,25.51929],[55.52043,25.51926],[55.52044,25.5192],[55.52105,25.51889],[55.52104,25.51884],[55.52099,25.51866],[55.52084,25.51829],[55.52069,25.51796],[55.52058,25.51788],[55.52056,25.51784],[55.52064,25.51778],[55.52068,25.51767],[55.52066,25.51757],[55.52061,25.51745],[55.52052,25.51731],[55.52043,25.5172],[55.52034,25.51708],[55.52015,25.51691],[55.51961,25.51718],[55.51958,25.51715],[55.51959,25.51711],[55.52015,25.51683],[55.52016,25.51676],[55.52016,25.5167],[55.52012,25.51655],[55.51983,25.51597],[55.51947,25.51536],[55.51934,25.5152],[55.5192,25.51509],[55.51853,25.51541],[55.51848,25.51539],[55.51846,25.51535],[55.51908,25.51505],[55.51912,25.51503],[55.51914,25.51494],[55.51909,25.51478],[55.51893,25.51447],[55.51878,25.51418],[55.51853,25.51376],[55.51841,25.51355],[55.51826,25.51338],[55.51814,25.51329],[55.51801,25.51336],[55.51736,25.51369],[55.51732,25.51365],[55.51736,25.51361],[55.51792,25.51329],[55.51787,25.51311],[55.51786,25.51303],[55.51768,25.51278],[55.5175,25.51249],[55.51726,25.51219],[55.51686,25.51189],[55.51674,25.51188],[55.51645,25.51167],[55.51595,25.5114],[55.51543,25.5112],[55.51511,25.51115],[55.51474,25.51122],[55.5145,25.51131],[55.51418,25.51152],[55.51399,25.51171],[55.51388,25.51184],[55.5138,25.51201],[55.51373,25.51227],[55.51364,25.51282],[55.51366,25.51303],[55.51362,25.51315],[55.51352,25.51315],[55.51346,25.51309],[55.51347,25.51299],[55.51349,25.51284],[55.51357,25.51226],[55.51365,25.5119],[55.51398,25.51112],[55.51241,25.51077],[55.51194,25.51009],[55.51157,25.50943],[55.51133,25.50898],[55.51109,25.50851],[55.51089,25.50801],[55.50983,25.50794],[55.50844,25.50886],[55.5084,25.50895],[55.50679,25.50985],[55.5066,25.50995],[55.50648,25.50993],[55.50636,25.50974],[55.50625,25.50958],[55.50614,25.50949],[55.504,25.50633],[55.50063,25.50128],[55.50065,25.50115],[55.50074,25.50106],[55.50094,25.50105],[55.50332,25.4996],[55.50373,25.49825],[55.50375,25.49821],[55.50381,25.49819],[55.5039,25.49816],[55.50431,25.49794],[55.50541,25.49741],[55.50541,25.49734],[55.50634,25.4969],[55.50643,25.49691],[55.50648,25.49681],[55.50647,25.4967],[55.50638,25.49654],[55.50628,25.49625],[55.50614,25.49585],[55.50602,25.49555],[55.50588,25.49522],[55.50576,25.49499],[55.50566,25.49466],[55.50557,25.49443],[55.50546,25.49421],[55.50536,25.49392],[55.50522,25.49359],[55.5051,25.49339],[55.50497,25.4933],[55.50481,25.49342],[55.50478,25.4935],[55.50472,25.49356],[55.50463,25.49357],[55.50457,25.49358],[55.5045,25.49352],[55.50449,25.49344],[55.50452,25.49338],[55.50464,25.49335],[55.50456,25.49318],[55.5042,25.49244],[55.50411,25.49221],[55.50399,25.492],[55.50392,25.49187],[55.50384,25.49181],[55.50377,25.49186],[55.50374,25.49194],[55.50365,25.49198],[55.50361,25.49199],[55.50354,25.49196],[55.50354,25.49191],[55.50367,25.49181],[55.50363,25.49165],[55.50356,25.4915],[55.50351,25.49139],[55.50347,25.4913],[55.50344,25.49123],[55.50339,25.49116],[55.50334,25.49107],[55.50329,25.49099],[55.50325,25.49088],[55.50318,25.49075],[55.50308,25.4906],[55.50301,25.49048],[55.50292,25.49038],[55.50282,25.49032],[55.50276,25.49036],[55.50267,25.49046],[55.50258,25.49052],[55.50252,25.49054],[55.50245,25.49055],[55.50242,25.49055],[55.50239,25.49052],[55.50238,25.49048],[55.50241,25.49043],[55.50246,25.49038],[55.50249,25.49037],[55.50253,25.49033],[55.50254,25.4903],[55.50253,25.49019],[55.50246,25.49004],[55.50237,25.4899],[55.50232,25.4898],[55.50229,25.4897],[55.50224,25.48957],[55.50216,25.48938],[55.5021,25.48926],[55.50205,25.48916],[55.502,25.48908],[55.50199,25.48904],[55.50194,25.48898],[55.50188,25.48889],[55.50179,25.48882],[55.5017,25.48883],[55.50167,25.48891],[55.50159,25.48894],[55.5015,25.48897],[55.50146,25.48901],[55.50136,25.48902],[55.50131,25.48898],[55.50133,25.48893],[55.50136,25.48888],[55.50143,25.48884],[55.50149,25.4888],[55.50154,25.48874],[55.50154,25.48869],[55.50151,25.48863],[55.50149,25.48855],[55.50146,25.48847],[55.5014,25.48838],[55.50133,25.48822],[55.50127,25.48811],[55.50124,25.48801],[55.50116,25.48788],[55.5011,25.48776],[55.501,25.48758],[55.50089,25.48742],[55.5008,25.48734],[55.50069,25.48728],[55.50049,25.48745],[55.50042,25.48748],[55.50037,25.48748],[55.50031,25.48744],[55.50031,25.48739],[55.5003,25.48735],[55.50056,25.48717],[55.50059,25.48714],[55.50056,25.48701],[55.50054,25.4869],[55.50043,25.48672],[55.50037,25.48657],[55.50015,25.48623],[55.50002,25.48597],[55.49993,25.48582],[55.49982,25.48571],[55.49968,25.48562],[55.49965,25.48569],[55.49941,25.48585],[55.49935,25.48587],[55.49929,25.48586],[55.49927,25.48585],[55.49925,25.4858],[55.49927,25.48576],[55.4993,25.48572],[55.49934,25.48569],[55.49943,25.48564],[55.49948,25.48561],[55.4995,25.48559],[55.49949,25.48552],[55.49945,25.48539],[55.49943,25.48532],[55.4994,25.48527],[55.49936,25.48521],[55.49928,25.4851],[55.49927,25.48506],[55.49908,25.48483],[55.49891,25.48453],[55.49879,25.48436],[55.49863,25.4842],[55.49854,25.48417],[55.49826,25.48436],[55.4982,25.48438],[55.49813,25.4844],[55.4981,25.48436],[55.4981,25.48431],[55.4981,25.48428],[55.49813,25.48425],[55.49819,25.4842],[55.49833,25.48411],[55.49836,25.4841],[55.49835,25.48402],[55.49829,25.4839],[55.49784,25.48331],[55.49763,25.48307],[55.49746,25.48289],[55.49738,25.48281],[55.49729,25.48277],[55.4971,25.48288],[55.49705,25.4829],[55.497,25.48287],[55.497,25.48285],[55.49702,25.48281],[55.49706,25.48277],[55.4972,25.48268],[55.4972,25.48261],[55.49718,25.48252],[55.4971,25.48239],[55.49697,25.48225],[55.49679,25.48202],[55.49668,25.48186],[55.49652,25.48169],[55.49624,25.48141],[55.49617,25.48135],[55.49606,25.4813],[55.49599,25.48133],[55.49585,25.48139],[55.4958,25.48142],[55.49578,25.48138],[55.49579,25.48135],[55.49586,25.48129],[55.49597,25.48121],[55.49594,25.48112],[55.49584,25.48102],[55.49554,25.48079],[55.49529,25.48064],[55.49517,25.48057],[55.49275,25.48136],[55.4951,25.47584],[55.49519,25.47575],[55.49529,25.47567],[55.49539,25.47559],[55.49549,25.47552],[55.4956,25.47545],[55.49571,25.47539],[55.49583,25.47533],[55.49595,25.47528],[55.49607,25.47524],[55.4962,25.4752],[55.49633,25.47517],[55.49646,25.47514],[55.49659,25.47513],[55.49672,25.47512],[55.49685,25.47511],[55.49698,25.47512],[55.49712,25.47513],[55.49725,25.47514],[55.49738,25.47517],[55.49751,25.4752],[55.49763,25.47523],[55.49775,25.47528],[55.49787,25.47533],[55.49799,25.47539],[55.4981,25.47545],[55.49821,25.47552],[55.50331,25.47859],[55.50354,25.4787],[55.50378,25.4788],[55.50402,25.4789],[55.50426,25.47899],[55.50451,25.47907],[55.50476,25.47914],[55.50501,25.47921],[55.50526,25.47928],[55.50552,25.47933],[55.50578,25.47938],[55.50603,25.47942],[55.50629,25.47946],[55.50656,25.47949],[55.50682,25.47951],[55.50708,25.47953],[55.50734,25.47953],[55.5076,25.47954],[55.50787,25.47953],[55.50813,25.47952],[55.50839,25.4795],[55.50865,25.47947],[55.50891,25.47944],[55.50917,25.4794],[55.50943,25.47935],[55.50969,25.4793],[55.50994,25.47924],[55.51019,25.47917],[55.51044,25.47909],[55.51069,25.47901],[55.51093,25.47893],[55.51118,25.47883],[55.51141,25.47873],[55.51165,25.47863],[55.51188,25.47851],[55.51211,25.4784],[55.51233,25.47827],[55.51255,25.47814],[55.51277,25.47801],[55.51298,25.47786],[55.51319,25.47772],[55.51339,25.47756],[55.51359,25.47741],[55.51378,25.47724],[55.51396,25.47707],[55.51415,25.4769],[55.51432,25.47672],[55.51449,25.47654],[55.51471,25.47629],[55.51492,25.47603],[55.51513,25.47577],[55.51533,25.4755],[55.51553,25.47523],[55.51572,25.47496],[55.5159,25.47468],[55.51608,25.4744],[55.51625,25.47412],[55.51641,25.47384],[55.51657,25.47355],[55.51685,25.47215],[55.51997,25.47001],[55.5262,25.47849],[55.53347,25.48694],[55.54635,25.49346]]]}},{"type":"Feature","id":121,"properties":{"id":121,"name":"أرض المستودعات","en":"Warehouse Lands"},"geometry":{"type":"Polygon","coordinates":[[[55.5662,25.23834],[55.55951,25.24088],[55.54886,25.24491],[55.54764,25.24537],[55.54087,25.24793],[55.53874,25.24874],[55.53809,25.24898],[55.53712,25.24935],[55.53492,25.25018],[55.53325,25.25085],[55.53166,25.25145],[55.52996,25.25209],[55.52791,25.25287],[55.52512,25.25392],[55.52386,25.2544],[55.51896,25.25627],[55.50975,25.25979],[55.49548,25.26522],[55.48748,25.26824],[55.48471,25.26927],[55.48385,25.26735],[55.48311,25.26571],[55.56459,25.23477],[55.5662,25.23834]]]}},{"type":"Feature","id":122,"properties":{"id":122,"name":"الصناعية - 4","en":"Industrial 4"},"geometry":{"type":"Polygon","coordinates":[[[55.415,25.33789],[55.40512,25.34352],[55.4051,25.34348],[55.40503,25.34337],[55.40486,25.34313],[55.40483,25.34308],[55.40457,25.34267],[55.40304,25.3403],[55.40274,25.33984],[55.4027,25.33976],[55.40265,25.3397],[55.40261,25.33963],[55.4023,25.33916],[55.40199,25.33869],[55.40168,25.33823],[55.40163,25.33816],[55.40119,25.33751],[55.40076,25.33686],[55.40034,25.3362],[55.40025,25.33606],[55.40007,25.33579],[55.39991,25.33552],[55.39974,25.33524],[55.39943,25.33472],[55.39926,25.33444],[55.3991,25.33417],[55.39892,25.3339],[55.39847,25.33319],[55.39833,25.33298],[55.39819,25.33277],[55.39707,25.33109],[55.39689,25.33082],[55.39666,25.33046],[55.39642,25.33011],[55.39617,25.32976],[55.39592,25.32941],[55.39566,25.32907],[55.39493,25.32816],[55.395,25.32805],[55.39508,25.32796],[55.39516,25.32786],[55.39525,25.32777],[55.39534,25.32769],[55.39544,25.32761],[55.39554,25.32753],[55.39565,25.32746],[55.39576,25.32739],[55.39587,25.32733],[55.39599,25.32728],[55.39611,25.32723],[55.39624,25.32719],[55.3963,25.32717],[55.3964,25.32714],[55.39649,25.32711],[55.39657,25.32709],[55.39659,25.32709],[55.39668,25.32707],[55.39674,25.32705],[55.39689,25.32701],[55.39703,25.32696],[55.39718,25.32691],[55.39732,25.32686],[55.39749,25.32679],[55.39767,25.32671],[55.39784,25.32662],[55.398,25.32653],[55.39816,25.32643],[55.39832,25.32633],[55.39847,25.32622],[55.39852,25.32619],[55.39859,25.32613],[55.39899,25.32582],[55.39937,25.32552],[55.39946,25.32546],[55.39948,25.32544],[55.39982,25.32518],[55.40002,25.32503],[55.40015,25.32492],[55.40074,25.32446],[55.4009,25.32434],[55.40103,25.32424],[55.40121,25.32411],[55.40135,25.32401],[55.40229,25.32328],[55.40276,25.32293],[55.40354,25.32231],[55.40412,25.32298],[55.41498,25.33787],[55.415,25.33789]]]}},{"type":"Feature","id":123,"properties":{"id":123,"name":"النهدة","en":"Al Nahda"},"geometry":{"type":"Polygon","coordinates":[[[55.38502,25.30329],[55.38487,25.3034],[55.3848,25.30346],[55.38474,25.3035],[55.38472,25.30352],[55.38468,25.30355],[55.38465,25.30358],[55.38461,25.30361],[55.38458,25.30364],[55.38455,25.30366],[55.38451,25.3037],[55.38447,25.30374],[55.38444,25.30377],[55.38441,25.3038],[55.38437,25.30384],[55.38434,25.30387],[55.38431,25.30391],[55.38428,25.30395],[55.38425,25.30398],[55.38422,25.30402],[55.38419,25.30405],[55.38419,25.30406],[55.38416,25.30409],[55.38414,25.30413],[55.38411,25.30417],[55.38408,25.3042],[55.38403,25.30428],[55.38398,25.30436],[55.38393,25.30443],[55.38388,25.30451],[55.38377,25.30466],[55.38374,25.3047],[55.38371,25.30474],[55.38368,25.30477],[55.38365,25.30481],[55.38362,25.30485],[55.38359,25.30488],[55.38357,25.30491],[55.38353,25.30495],[55.3835,25.30499],[55.38347,25.30502],[55.38344,25.30506],[55.3834,25.30509],[55.38337,25.30512],[55.38334,25.30516],[55.3833,25.30519],[55.38327,25.30522],[55.38325,25.30525],[55.3832,25.30529],[55.38317,25.30532],[55.38313,25.30535],[55.3831,25.30538],[55.38306,25.30542],[55.38301,25.30546],[55.38299,25.30548],[55.38291,25.30554],[55.38289,25.30555],[55.38284,25.3056],[55.38276,25.30565],[55.3782,25.30917],[55.37791,25.30939],[55.37772,25.30954],[55.3777,25.30956],[55.37734,25.30916],[55.37662,25.3084],[55.37635,25.3081],[55.37596,25.30768],[55.37564,25.30733],[55.37508,25.30682],[55.37436,25.30624],[55.37396,25.30594],[55.37389,25.30589],[55.37368,25.30575],[55.37338,25.30555],[55.37332,25.30551],[55.3733,25.30549],[55.37324,25.30545],[55.37322,25.30544],[55.37319,25.30542],[55.37315,25.3054],[55.37312,25.30538],[55.37308,25.30536],[55.37304,25.30534],[55.37301,25.30532],[55.37299,25.30531],[55.37297,25.3053],[55.37294,25.30527],[55.3729,25.30525],[55.37286,25.30523],[55.37283,25.30521],[55.37279,25.30519],[55.37275,25.30517],[55.37272,25.30515],[55.37268,25.30513],[55.37265,25.30511],[55.37261,25.30509],[55.37257,25.30508],[55.37254,25.30506],[55.3725,25.30504],[55.37246,25.30502],[55.37243,25.305],[55.37239,25.30498],[55.37235,25.30496],[55.37232,25.30495],[55.37228,25.30493],[55.37225,25.30491],[55.37221,25.30489],[55.37218,25.30488],[55.37214,25.30486],[55.37211,25.30484],[55.37207,25.30482],[55.37204,25.30481],[55.37196,25.30477],[55.37189,25.30474],[55.37181,25.3047],[55.37173,25.30467],[55.37166,25.30463],[55.37151,25.30456],[55.37143,25.30453],[55.37135,25.30449],[55.37116,25.30441],[55.37105,25.30435],[55.37093,25.3043],[55.37082,25.30425],[55.37071,25.3042],[55.37059,25.30415],[55.37048,25.30409],[55.37036,25.30404],[55.37021,25.30397],[55.37013,25.30394],[55.36993,25.30385],[55.36914,25.30348],[55.36874,25.3033],[55.36837,25.30313],[55.36645,25.30226],[55.3662,25.30214],[55.36595,25.30202],[55.36576,25.30191],[55.36556,25.3018],[55.36537,25.30169],[55.36516,25.30156],[55.36495,25.30142],[55.36474,25.30128],[55.36454,25.30113],[55.36434,25.30097],[55.36414,25.30082],[55.36395,25.30065],[55.36375,25.30047],[55.36355,25.30029],[55.36338,25.30011],[55.36321,25.29993],[55.36304,25.29974],[55.36288,25.29955],[55.36283,25.2995],[55.36272,25.29935],[55.3626,25.29921],[55.36258,25.29917],[55.36376,25.29796],[55.37223,25.29691],[55.37718,25.29787],[55.38606,25.30248],[55.38625,25.30265],[55.38606,25.30272],[55.38601,25.30274],[55.3859,25.30279],[55.38579,25.30284],[55.38574,25.30287],[55.38559,25.30295],[55.38551,25.30299],[55.38536,25.30307],[55.38533,25.30309],[55.38517,25.30319],[55.3851,25.30324],[55.38502,25.30329]]]}},{"type":"Feature","id":124,"properties":{"id":124,"name":"الصناعية - 11","en":"Industrial 11"},"geometry":{"type":"Polygon","coordinates":[[[55.43697,25.29655],[55.43627,25.29708],[55.43617,25.29716],[55.43577,25.29746],[55.43575,25.29748],[55.43572,25.2975],[55.43552,25.29765],[55.43531,25.29782],[55.43496,25.29809],[55.43433,25.29858],[55.43415,25.29872],[55.43303,25.29957],[55.43248,25.3],[55.43219,25.30022],[55.43194,25.30041],[55.43171,25.30059],[55.43151,25.30075],[55.43109,25.30107],[55.43103,25.30111],[55.43086,25.30125],[55.43025,25.30172],[55.43015,25.30179],[55.43003,25.30188],[55.42991,25.30198],[55.42984,25.30203],[55.42974,25.30211],[55.4297,25.30213],[55.42915,25.30257],[55.42895,25.30232],[55.41788,25.29043],[55.42768,25.28672],[55.43633,25.29588],[55.43645,25.29601],[55.43697,25.29655]]]}},{"type":"Feature","id":125,"properties":{"id":125,"name":"الصناعية - 9","en":"Industrial 9"},"geometry":{"type":"Polygon","coordinates":[[[55.40767,25.29481],[55.40582,25.29625],[55.40269,25.29864],[55.4017,25.29941],[55.40021,25.30057],[55.39966,25.30099],[55.39934,25.30122],[55.39925,25.3013],[55.39843,25.30193],[55.398,25.30148],[55.39786,25.30132],[55.39775,25.30119],[55.39764,25.30105],[55.39754,25.3009],[55.39744,25.30075],[55.39735,25.3006],[55.39727,25.30045],[55.39719,25.30029],[55.39712,25.30013],[55.39706,25.29997],[55.397,25.29981],[55.39695,25.29965],[55.39691,25.2995],[55.39688,25.29935],[55.39674,25.29867],[55.39657,25.2985],[55.40732,25.29443],[55.40767,25.29481]]]}},{"type":"Feature","id":126,"properties":{"id":126,"name":"الصناعية - 17","en":"Industrial 17"},"geometry":{"type":"Polygon","coordinates":[[[55.45837,25.28005],[55.45823,25.28016],[55.45808,25.28026],[55.45651,25.28148],[55.45239,25.28465],[55.4506,25.28603],[55.44927,25.28706],[55.44841,25.28773],[55.447,25.2888],[55.44657,25.28785],[55.44089,25.28172],[55.45753,25.27541],[55.45838,25.27635],[55.45851,25.2765],[55.45977,25.27785],[55.45997,25.27807],[55.4605,25.27864],[55.45936,25.27932],[55.45935,25.27933],[55.45934,25.27933],[55.45933,25.27934],[55.45932,25.27935],[55.45837,25.28005]]]}},{"type":"Feature","id":127,"properties":{"id":127,"name":"الصناعية - 10","en":"Industrial 10"},"geometry":{"type":"Polygon","coordinates":[[[55.41788,25.29043],[55.42895,25.30232],[55.42915,25.30257],[55.42835,25.30319],[55.42823,25.30328],[55.42811,25.30338],[55.42806,25.30341],[55.42788,25.30355],[55.42777,25.30363],[55.42753,25.30382],[55.42729,25.304],[55.42709,25.30416],[55.42705,25.30419],[55.42698,25.30424],[55.42693,25.30428],[55.42664,25.30451],[55.42652,25.30459],[55.42646,25.30464],[55.4262,25.30484],[55.42586,25.30511],[55.42562,25.30529],[55.42532,25.30552],[55.42493,25.30582],[55.42462,25.30606],[55.42449,25.30616],[55.42409,25.30647],[55.42401,25.30653],[55.4237,25.30677],[55.42343,25.30697],[55.42308,25.30725],[55.42302,25.30729],[55.42266,25.30757],[55.42259,25.30762],[55.42201,25.30806],[55.42189,25.30816],[55.4218,25.30823],[55.42155,25.30842],[55.42146,25.30849],[55.4214,25.30854],[55.42137,25.30856],[55.42085,25.30895],[55.40767,25.29481],[55.40732,25.29443],[55.4151,25.29148],[55.41788,25.29043]]]}},{"type":"Feature","id":128,"properties":{"id":128,"name":"الصناعية - 8","en":"Industrial 8"},"geometry":{"type":"Polygon","coordinates":[[[55.3983,25.30203],[55.39126,25.30747],[55.39037,25.30815],[55.38965,25.30735],[55.38724,25.30469],[55.38723,25.30468],[55.38719,25.30463],[55.38715,25.30459],[55.38711,25.30455],[55.38705,25.30449],[55.38698,25.30443],[55.3869,25.30435],[55.38683,25.3043],[55.38676,25.30424],[55.38671,25.30421],[55.38665,25.30416],[55.3866,25.30413],[55.38654,25.30408],[55.3865,25.30406],[55.38642,25.30401],[55.38638,25.30398],[55.3863,25.30394],[55.38624,25.30391],[55.38619,25.30388],[55.38613,25.30385],[55.38605,25.30381],[55.38592,25.30374],[55.38502,25.30329],[55.3851,25.30324],[55.38517,25.30319],[55.38533,25.30309],[55.38536,25.30307],[55.38551,25.30299],[55.38559,25.30295],[55.38574,25.30287],[55.38579,25.30284],[55.3859,25.30279],[55.38601,25.30274],[55.38606,25.30272],[55.38625,25.30265],[55.38606,25.30248],[55.39657,25.2985],[55.39674,25.29867],[55.39688,25.29935],[55.39691,25.2995],[55.39695,25.29965],[55.397,25.29981],[55.39706,25.29997],[55.39712,25.30013],[55.39719,25.30029],[55.39727,25.30045],[55.39735,25.3006],[55.39744,25.30075],[55.39754,25.3009],[55.39764,25.30105],[55.39775,25.30119],[55.39786,25.30132],[55.398,25.30148],[55.39843,25.30193],[55.3983,25.30203]]]}},{"type":"Feature","id":129,"properties":{"id":129,"name":"أرض المعاهد","en":"Ard Almaahd"},"geometry":{"type":"Polygon","coordinates":[[[55.48385,25.26735],[55.48471,25.26927],[55.4837,25.26966],[55.4811,25.27065],[55.47846,25.27165],[55.47825,25.27173],[55.47494,25.27297],[55.47435,25.2732],[55.47317,25.27365],[55.47242,25.27394],[55.47121,25.2744],[55.47104,25.27447],[55.47004,25.27484],[55.4692,25.27516],[55.46875,25.27533],[55.46795,25.27564],[55.46778,25.2757],[55.46768,25.27574],[55.4676,25.27577],[55.46736,25.27586],[55.46726,25.2759],[55.46716,25.27594],[55.46709,25.27596],[55.4669,25.27604],[55.46676,25.27609],[55.46642,25.27622],[55.46637,25.27624],[55.46251,25.27771],[55.46238,25.27776],[55.46214,25.27785],[55.4619,25.27795],[55.46166,25.27806],[55.46142,25.27817],[55.46119,25.27828],[55.46096,25.27839],[55.46073,25.27851],[55.4605,25.27864],[55.45997,25.27807],[55.45977,25.27785],[55.45851,25.2765],[55.45838,25.27635],[55.45753,25.27541],[55.45767,25.27535],[55.48311,25.26571],[55.48385,25.26735]]]}},{"type":"Feature","id":130,"properties":{"id":130,"name":"الرقيبة","en":"Al Raqeebah"},"geometry":{"type":"Polygon","coordinates":[[[55.59639,25.25041],[55.57552,25.25839],[55.56925,25.2449],[55.56841,25.24311],[55.5662,25.23834],[55.5708,25.23658],[55.57232,25.236],[55.57817,25.23379],[55.58207,25.2323],[55.58718,25.23036],[55.59192,25.24067],[55.59639,25.25041]]]}},{"type":"Feature","id":131,"properties":{"id":131,"name":"النخيلات","en":"Alnkhylat"},"geometry":{"type":"Polygon","coordinates":[[[55.43637,25.3883],[55.43564,25.38873],[55.43498,25.38911],[55.4322,25.39074],[55.43163,25.39033],[55.43063,25.38962],[55.42657,25.38681],[55.42348,25.3847],[55.42159,25.38335],[55.42109,25.38301],[55.41894,25.38153],[55.41869,25.38137],[55.41883,25.3811],[55.41966,25.38002],[55.41976,25.37991],[55.42101,25.37859],[55.42131,25.3783],[55.4221,25.37745],[55.42297,25.37655],[55.42328,25.37681],[55.42394,25.37739],[55.42396,25.3774],[55.42431,25.37773],[55.42638,25.37957],[55.42737,25.38046],[55.42783,25.38085],[55.42957,25.38237],[55.43053,25.38318],[55.43227,25.38469],[55.4337,25.38595],[55.43392,25.38612],[55.43497,25.38702],[55.43577,25.38773],[55.43606,25.38797],[55.43637,25.3883]]]}},{"type":"Feature","id":132,"properties":{"id":132,"name":"مهذب زراعي","en":"Mhdhb Zraay"},"geometry":{"type":"Polygon","coordinates":[[[55.69184,25.41711],[55.68605,25.41857],[55.68136,25.41975],[55.67927,25.41293],[55.6912,25.40992],[55.69157,25.40983],[55.69434,25.40914],[55.6947,25.40905],[55.69506,25.40896],[55.69542,25.40889],[55.69579,25.40882],[55.69615,25.40875],[55.69652,25.4087],[55.69689,25.40865],[55.69726,25.4086],[55.69763,25.40856],[55.698,25.40853],[55.69837,25.40851],[55.69874,25.40849],[55.69912,25.40848],[55.69949,25.40847],[55.69986,25.40847],[55.70023,25.40848],[55.70061,25.4085],[55.70098,25.40852],[55.70348,25.40867],[55.70381,25.40869],[55.71285,25.40925],[55.71341,25.40928],[55.71748,25.40953],[55.71793,25.40955],[55.71839,25.40957],[55.71885,25.40958],[55.71931,25.40959],[55.71977,25.40959],[55.72022,25.40958],[55.72068,25.40956],[55.72114,25.40954],[55.7216,25.40951],[55.72205,25.40948],[55.72251,25.40944],[55.72299,25.40939],[55.72346,25.40934],[55.72394,25.40927],[55.72442,25.4092],[55.72489,25.40913],[55.72536,25.40904],[55.72583,25.40895],[55.7263,25.40885],[55.72677,25.40875],[55.72723,25.40864],[55.7277,25.40852],[55.72816,25.4084],[55.72862,25.40827],[55.72907,25.40813],[55.72953,25.40798],[55.72998,25.40783],[55.73043,25.40767],[55.73252,25.40682],[55.73506,25.40578],[55.73622,25.40524],[55.74346,25.41917],[55.73444,25.41866],[55.72041,25.41788],[55.71095,25.41734],[55.70328,25.41688],[55.69447,25.41636],[55.69184,25.41711]]]}},{"type":"Feature","id":133,"properties":{"id":133,"name":"الشنوف 6","en":"Alshnwf 6"},"geometry":{"type":"Polygon","coordinates":[[[55.72322,25.38025],[55.72764,25.38875],[55.71574,25.39361],[55.70794,25.37787],[55.71806,25.37032],[55.72322,25.38025]]]}},{"type":"Feature","id":134,"properties":{"id":134,"name":"الشنوف 3","en":"Alshnwf 3"},"geometry":{"type":"Polygon","coordinates":[[[55.71574,25.39361],[55.70735,25.39704],[55.70055,25.3833],[55.70086,25.38315],[55.70794,25.37787],[55.71574,25.39361]]]}},{"type":"Feature","id":135,"properties":{"id":135,"name":"الشنوف 5","en":"Alshnwf 5"},"geometry":{"type":"Polygon","coordinates":[[[55.73194,25.39702],[55.71987,25.40196],[55.71574,25.39361],[55.72764,25.38875],[55.73194,25.39702]]]}},{"type":"Feature","id":136,"properties":{"id":136,"name":"القطينة 6","en":"Alqtyna 6"},"geometry":{"type":"Polygon","coordinates":[[[55.70735,25.39704],[55.70373,25.39852],[55.70317,25.39875],[55.7026,25.39897],[55.70203,25.39918],[55.70145,25.39939],[55.70088,25.39959],[55.7003,25.39978],[55.69971,25.39997],[55.69953,25.40003],[55.69304,25.38693],[55.70055,25.3833],[55.70735,25.39704]]]}},{"type":"Feature","id":137,"properties":{"id":137,"name":"القطينة 4","en":"Alqtyna 4"},"geometry":{"type":"Polygon","coordinates":[[[55.69953,25.40003],[55.69934,25.40009],[55.69883,25.40024],[55.69831,25.40039],[55.6978,25.40054],[55.69721,25.40071],[55.69662,25.40088],[55.69604,25.40106],[55.69545,25.40124],[55.69487,25.40144],[55.69429,25.40164],[55.6887,25.4036],[55.68852,25.40367],[55.68844,25.40351],[55.68471,25.39598],[55.6831,25.39272],[55.68835,25.38919],[55.69304,25.38693],[55.69953,25.40003]]]}},{"type":"Feature","id":138,"properties":{"id":138,"name":"الشنوف 2","en":"Alshnwf 2"},"geometry":{"type":"Polygon","coordinates":[[[55.71987,25.40196],[55.71969,25.40203],[55.71166,25.40531],[55.71148,25.40538],[55.70735,25.39704],[55.71574,25.39361],[55.71987,25.40196]]]}},{"type":"Feature","id":139,"properties":{"id":139,"name":"الشنوف 4","en":"Alshnwf 4"},"geometry":{"type":"Polygon","coordinates":[[[55.73622,25.40524],[55.73506,25.40578],[55.73252,25.40682],[55.73043,25.40767],[55.72998,25.40783],[55.72953,25.40798],[55.72907,25.40813],[55.72862,25.40827],[55.72816,25.4084],[55.7277,25.40852],[55.72723,25.40864],[55.72677,25.40875],[55.7263,25.40885],[55.72583,25.40895],[55.72536,25.40904],[55.72489,25.40913],[55.72442,25.4092],[55.72394,25.40927],[55.72346,25.40934],[55.72299,25.40939],[55.72251,25.40944],[55.72251,25.4092],[55.72251,25.40896],[55.7225,25.40872],[55.72248,25.40848],[55.72246,25.40824],[55.72243,25.408],[55.72239,25.40776],[55.72235,25.40753],[55.7223,25.40729],[55.72224,25.40706],[55.72217,25.40682],[55.7221,25.40659],[55.72197,25.40622],[55.71987,25.40196],[55.73194,25.39702],[55.73622,25.40524]]]}},{"type":"Feature","id":140,"properties":{"id":140,"name":"القطينة 2","en":"Alqtyna 2"},"geometry":{"type":"Polygon","coordinates":[[[55.68852,25.40367],[55.68833,25.40374],[55.67722,25.40764],[55.67476,25.39997],[55.68471,25.39598],[55.68844,25.40351],[55.68852,25.40367]]]}},{"type":"Feature","id":141,"properties":{"id":141,"name":"القطينة 5","en":"Alqtyna 5"},"geometry":{"type":"Polygon","coordinates":[[[55.71148,25.40538],[55.71341,25.40928],[55.71285,25.40925],[55.70381,25.40869],[55.70374,25.40855],[55.70365,25.40837],[55.69961,25.4002],[55.69953,25.40003],[55.69971,25.39997],[55.7003,25.39978],[55.70088,25.39959],[55.70145,25.39939],[55.70203,25.39918],[55.7026,25.39897],[55.70317,25.39875],[55.70373,25.39852],[55.70735,25.39704],[55.71148,25.40538]]]}},{"type":"Feature","id":142,"properties":{"id":142,"name":"القطينة 3","en":"Alqtyna 3"},"geometry":{"type":"Polygon","coordinates":[[[55.69949,25.40847],[55.69912,25.40848],[55.69874,25.40849],[55.69837,25.40851],[55.698,25.40853],[55.69763,25.40856],[55.69726,25.4086],[55.69689,25.40865],[55.69652,25.4087],[55.69615,25.40875],[55.69579,25.40882],[55.69542,25.40889],[55.69506,25.40896],[55.6947,25.40905],[55.69434,25.40914],[55.69157,25.40983],[55.68917,25.405],[55.6886,25.40383],[55.68852,25.40367],[55.6887,25.4036],[55.69429,25.40164],[55.69487,25.40144],[55.69545,25.40124],[55.69604,25.40106],[55.69662,25.40088],[55.69721,25.40071],[55.6978,25.40054],[55.69831,25.40039],[55.69883,25.40024],[55.69934,25.40009],[55.69953,25.40003],[55.69961,25.4002],[55.70365,25.40837],[55.70374,25.40855],[55.70381,25.40869],[55.70348,25.40867],[55.70098,25.40852],[55.70061,25.4085],[55.70023,25.40848],[55.69986,25.40847],[55.69949,25.40847]]]}},{"type":"Feature","id":143,"properties":{"id":143,"name":"الشنوف 1","en":"Alshnwf 1"},"geometry":{"type":"Polygon","coordinates":[[[55.72251,25.40944],[55.72205,25.40948],[55.7216,25.40951],[55.72114,25.40954],[55.72068,25.40956],[55.72022,25.40958],[55.71977,25.40959],[55.71931,25.40959],[55.71885,25.40958],[55.71839,25.40957],[55.71793,25.40955],[55.71748,25.40953],[55.71341,25.40928],[55.71148,25.40538],[55.71166,25.40531],[55.71969,25.40203],[55.71987,25.40196],[55.72197,25.40622],[55.7221,25.40659],[55.72217,25.40682],[55.72224,25.40706],[55.7223,25.40729],[55.72235,25.40753],[55.72239,25.40776],[55.72243,25.408],[55.72246,25.40824],[55.72248,25.40848],[55.7225,25.40872],[55.72251,25.40896],[55.72251,25.4092],[55.72251,25.40944]]]}},{"type":"Feature","id":144,"properties":{"id":144,"name":"القطينة 1","en":"Alqtyna 1"},"geometry":{"type":"Polygon","coordinates":[[[55.69157,25.40983],[55.6912,25.40992],[55.67927,25.41293],[55.67896,25.41196],[55.67722,25.40764],[55.68833,25.40374],[55.68852,25.40367],[55.6886,25.40383],[55.68917,25.405],[55.69157,25.40983]]]}},{"type":"Feature","id":145,"properties":{"id":145,"name":"روضة القرط","en":"Rwda Alqrt"},"geometry":{"type":"Polygon","coordinates":[[[55.66387,25.26488],[55.66386,25.26488],[55.65302,25.26895],[55.65279,25.26904],[55.65257,25.26912],[55.65217,25.26926],[55.65176,25.26939],[55.65136,25.26952],[55.65095,25.26964],[55.65054,25.26975],[55.65013,25.26985],[55.64972,25.26995],[55.6493,25.27005],[55.64406,25.25866],[55.6583,25.25324],[55.66387,25.26488]]]}},{"type":"Feature","id":146,"properties":{"id":146,"name":"الطي شرق","en":"Alty Shrq"},"geometry":{"type":"Polygon","coordinates":[[[55.63818,25.21095],[55.63698,25.21141],[55.62665,25.21534],[55.62449,25.21616],[55.62179,25.21719],[55.61206,25.22089],[55.59963,25.22562],[55.59818,25.22236],[55.59804,25.22205],[55.62934,25.21014],[55.63655,25.20732],[55.63818,25.21095]]]}},{"type":"Feature","id":147,"properties":{"id":147,"name":"تلال","en":"Tlal"},"geometry":{"type":"Polygon","coordinates":[[[55.60216,25.27134],[55.60195,25.27133],[55.60173,25.27133],[55.60151,25.27133],[55.60054,25.27138],[55.60027,25.27141],[55.60001,25.27145],[55.59974,25.27149],[55.59948,25.27154],[55.59922,25.2716],[55.59896,25.27166],[55.5987,25.27173],[55.59845,25.2718],[55.59819,25.27189],[55.59794,25.27197],[55.58624,25.27646],[55.58427,25.27722],[55.57648,25.26046],[55.57552,25.25839],[55.59639,25.25041],[55.60165,25.26166],[55.60641,25.27204],[55.60624,25.27204],[55.60606,25.27204],[55.60589,25.27203],[55.60572,25.27201],[55.60555,25.27199],[55.60538,25.27196],[55.60521,25.27192],[55.60504,25.27188],[55.60499,25.27187],[55.60474,25.27179],[55.60449,25.27172],[55.60424,25.27165],[55.60398,25.27159],[55.60373,25.27154],[55.60347,25.27149],[55.60321,25.27145],[55.60295,25.27141],[55.60269,25.27138],[55.60242,25.27136],[55.60216,25.27134]]]}},{"type":"Feature","id":148,"properties":{"id":148,"name":"المنحَز","en":"Almnhَz"},"geometry":{"type":"Polygon","coordinates":[[[55.62029,25.29167],[55.61752,25.2861],[55.61315,25.27757],[55.62125,25.27444],[55.6216,25.27431],[55.62195,25.27418],[55.62242,25.27401],[55.62289,25.27384],[55.62337,25.27368],[55.62384,25.27352],[55.62432,25.27336],[55.62483,25.27321],[55.62534,25.27305],[55.62585,25.27291],[55.62636,25.27276],[55.62687,25.27263],[55.62739,25.27249],[55.62798,25.27235],[55.62857,25.27221],[55.62917,25.27208],[55.62976,25.27195],[55.63036,25.27183],[55.63096,25.27172],[55.63156,25.27162],[55.63216,25.27152],[55.63277,25.27142],[55.63337,25.27134],[55.63398,25.27126],[55.63458,25.27119],[55.6346,25.27124],[55.64004,25.28597],[55.63967,25.28599],[55.63928,25.28601],[55.63879,25.28604],[55.63843,25.28607],[55.63798,25.28611],[55.63766,25.28614],[55.63731,25.28618],[55.63716,25.28619],[55.6369,25.28623],[55.63655,25.28627],[55.63627,25.28631],[55.636,25.28635],[55.63576,25.28639],[55.63553,25.28642],[55.63528,25.28646],[55.63507,25.2865],[55.63485,25.28654],[55.6346,25.28658],[55.63422,25.28666],[55.63388,25.28673],[55.63355,25.2868],[55.63324,25.28687],[55.63296,25.28693],[55.63266,25.28701],[55.63237,25.28708],[55.63204,25.28717],[55.63168,25.28726],[55.63101,25.28745],[55.63051,25.28761],[55.63001,25.28776],[55.6296,25.2879],[55.62919,25.28804],[55.62905,25.28809],[55.62874,25.28821],[55.62835,25.28835],[55.62791,25.28853],[55.6279,25.28853],[55.62743,25.28872],[55.62674,25.28901],[55.62629,25.28919],[55.62585,25.28937],[55.62029,25.29167]]]}},{"type":"Feature","id":149,"properties":{"id":149,"name":"عذيب","en":"Adhyb"},"geometry":{"type":"Polygon","coordinates":[[[55.61198,25.27802],[55.59354,25.28514],[55.59217,25.28568],[55.59175,25.28587],[55.59133,25.28606],[55.59091,25.28626],[55.58889,25.28714],[55.58427,25.27722],[55.58624,25.27646],[55.59794,25.27197],[55.59819,25.27189],[55.59845,25.2718],[55.5987,25.27173],[55.59896,25.27166],[55.59922,25.2716],[55.59948,25.27154],[55.59974,25.27149],[55.60001,25.27145],[55.60027,25.27141],[55.60054,25.27138],[55.60151,25.27133],[55.60173,25.27133],[55.60195,25.27133],[55.60216,25.27134],[55.60242,25.27136],[55.60269,25.27138],[55.60295,25.27141],[55.60321,25.27145],[55.60347,25.27149],[55.60373,25.27154],[55.60398,25.27159],[55.60424,25.27165],[55.60449,25.27172],[55.60474,25.27179],[55.60499,25.27187],[55.60504,25.27188],[55.60521,25.27192],[55.60538,25.27196],[55.60555,25.27199],[55.60572,25.27201],[55.60589,25.27203],[55.60606,25.27204],[55.60624,25.27204],[55.60641,25.27204],[55.60678,25.27274],[55.60689,25.27293],[55.607,25.27313],[55.60712,25.27332],[55.60724,25.2735],[55.60737,25.27368],[55.60751,25.27386],[55.60765,25.27404],[55.6078,25.27421],[55.60796,25.27437],[55.60812,25.27453],[55.60829,25.27469],[55.60975,25.27591],[55.60982,25.27597],[55.6099,25.27603],[55.60999,25.27609],[55.61008,25.27613],[55.61017,25.27617],[55.61026,25.27621],[55.61036,25.27624],[55.61188,25.27669],[55.61197,25.27671],[55.61205,25.27674],[55.61213,25.27677],[55.61221,25.27681],[55.61228,25.27685],[55.61235,25.2769],[55.61241,25.27696],[55.61315,25.27757],[55.61198,25.27802]]]}},{"type":"Feature","id":150,"properties":{"id":150,"name":"السحمة","en":"Alshma"},"geometry":{"type":"Polygon","coordinates":[[[55.61315,25.27757],[55.61241,25.27696],[55.61235,25.2769],[55.61228,25.27685],[55.61221,25.27681],[55.61213,25.27677],[55.61205,25.27674],[55.61197,25.27671],[55.61188,25.27669],[55.61036,25.27624],[55.61026,25.27621],[55.61017,25.27617],[55.61008,25.27613],[55.60999,25.27609],[55.6099,25.27603],[55.60982,25.27597],[55.60975,25.27591],[55.60829,25.27469],[55.60812,25.27453],[55.60796,25.27437],[55.6078,25.27421],[55.60765,25.27404],[55.60751,25.27386],[55.60737,25.27368],[55.60724,25.2735],[55.60712,25.27332],[55.607,25.27313],[55.60689,25.27293],[55.60678,25.27274],[55.61917,25.26813],[55.62051,25.26762],[55.63161,25.2634],[55.63195,25.26418],[55.6321,25.26452],[55.63224,25.26486],[55.63237,25.2652],[55.6325,25.26555],[55.63458,25.27119],[55.63398,25.27126],[55.63337,25.27134],[55.63277,25.27142],[55.63216,25.27152],[55.63156,25.27162],[55.63096,25.27172],[55.63036,25.27183],[55.62976,25.27195],[55.62917,25.27208],[55.62857,25.27221],[55.62798,25.27235],[55.62739,25.27249],[55.62687,25.27263],[55.62636,25.27276],[55.62585,25.27291],[55.62534,25.27305],[55.62483,25.27321],[55.62432,25.27336],[55.62384,25.27352],[55.62337,25.27368],[55.62289,25.27384],[55.62242,25.27401],[55.62195,25.27418],[55.6216,25.27431],[55.62125,25.27444],[55.61315,25.27757]]]}},{"type":"Feature","id":151,"properties":{"id":151,"name":"الواحة","en":"Alwaha"},"geometry":{"type":"Polygon","coordinates":[[[55.64821,25.27026],[55.65004,25.28295],[55.65053,25.28671],[55.65008,25.28666],[55.64845,25.28648],[55.6478,25.28641],[55.64691,25.28631],[55.64566,25.28618],[55.64523,25.28613],[55.64482,25.28609],[55.64437,25.28606],[55.64408,25.28603],[55.64313,25.28598],[55.64284,25.28597],[55.64241,25.28595],[55.64205,25.28595],[55.64166,25.28594],[55.64125,25.28594],[55.64094,25.28595],[55.64052,25.28595],[55.64004,25.28597],[55.6346,25.27124],[55.63505,25.27118],[55.63549,25.27112],[55.63593,25.27107],[55.63638,25.27103],[55.63683,25.27099],[55.63727,25.27096],[55.63772,25.27093],[55.63807,25.27091],[55.63842,25.2709],[55.64466,25.27064],[55.64505,25.27062],[55.64543,25.2706],[55.64581,25.27057],[55.6462,25.27054],[55.64658,25.27049],[55.64696,25.27045],[55.64738,25.27039],[55.6478,25.27033],[55.64821,25.27026]]]}},{"type":"Feature","id":152,"properties":{"id":152,"name":"المطرق","en":"Almtrq"},"geometry":{"type":"Polygon","coordinates":[[[55.6493,25.27005],[55.64891,25.27013],[55.64853,25.2702],[55.64814,25.27027],[55.64774,25.27034],[55.64735,25.2704],[55.64696,25.27045],[55.64658,25.27049],[55.6462,25.27054],[55.64581,25.27057],[55.64543,25.2706],[55.64505,25.27062],[55.64466,25.27064],[55.63842,25.2709],[55.63807,25.27091],[55.63772,25.27093],[55.63727,25.27096],[55.63683,25.27099],[55.63638,25.27103],[55.63593,25.27107],[55.63549,25.27112],[55.63505,25.27118],[55.6346,25.27124],[55.63458,25.27119],[55.6325,25.26555],[55.63237,25.2652],[55.63224,25.26486],[55.6321,25.26452],[55.63195,25.26418],[55.63161,25.2634],[55.64406,25.25866],[55.6493,25.27005]]]}},{"type":"Feature","id":153,"properties":{"id":153,"name":"الطي غرب","en":"West Al Tai"},"geometry":{"type":"Polygon","coordinates":[[[55.58718,25.23036],[55.58207,25.2323],[55.57817,25.23379],[55.57232,25.236],[55.5708,25.23658],[55.5662,25.23834],[55.56459,25.23477],[55.59804,25.22205],[55.59818,25.22236],[55.59963,25.22562],[55.58718,25.23036]]]}},{"type":"Feature","id":154,"properties":{"id":154,"name":"الزبير 7","en":"Alzbyr 7"},"geometry":{"type":"Polygon","coordinates":[[[55.68471,25.39598],[55.67476,25.39997],[55.6714,25.39292],[55.68126,25.389],[55.6831,25.39272],[55.68471,25.39598]]]}},{"type":"Feature","id":155,"properties":{"id":155,"name":"الزبير 8","en":"Alzbyr 8"},"geometry":{"type":"Polygon","coordinates":[[[55.68126,25.389],[55.6714,25.39292],[55.66752,25.3849],[55.6773,25.38101],[55.68126,25.389]]]}},{"type":"Feature","id":156,"properties":{"id":156,"name":"الزبير6","en":"Alzbyr6"},"geometry":{"type":"Polygon","coordinates":[[[55.6714,25.39292],[55.66303,25.39624],[55.65914,25.38816],[55.66752,25.3849],[55.6714,25.39292]]]}},{"type":"Feature","id":157,"properties":{"id":157,"name":"الزبير 2","en":"Alzbyr 2"},"geometry":{"type":"Polygon","coordinates":[[[55.65459,25.39951],[55.64565,25.40334],[55.64381,25.40373],[55.64338,25.40194],[55.64333,25.40177],[55.64323,25.40135],[55.64311,25.40094],[55.64299,25.40053],[55.64286,25.40012],[55.64273,25.39971],[55.64258,25.3993],[55.64243,25.39889],[55.64227,25.39849],[55.6421,25.39808],[55.64193,25.39768],[55.64175,25.39728],[55.64156,25.39688],[55.64137,25.39649],[55.64117,25.3961],[55.64096,25.39571],[55.64074,25.39532],[55.64052,25.39494],[55.64573,25.39251],[55.64611,25.39322],[55.65077,25.3914],[55.65459,25.39951]]]}},{"type":"Feature","id":158,"properties":{"id":158,"name":"الزبير 5","en":"Alzbyr 5"},"geometry":{"type":"Polygon","coordinates":[[[55.67476,25.39997],[55.67279,25.40102],[55.66704,25.40448],[55.66303,25.39624],[55.6714,25.39292],[55.67476,25.39997]]]}},{"type":"Feature","id":159,"properties":{"id":159,"name":"الزبير 4","en":"Alzbyr 4"},"geometry":{"type":"Polygon","coordinates":[[[55.66303,25.39624],[55.65459,25.39951],[55.65077,25.3914],[55.65914,25.38816],[55.66303,25.39624]]]}},{"type":"Feature","id":160,"properties":{"id":160,"name":"الزبير3","en":"Alzbyr3"},"geometry":{"type":"Polygon","coordinates":[[[55.66704,25.40448],[55.65859,25.40952],[55.65773,25.40602],[55.65459,25.39951],[55.66303,25.39624],[55.66704,25.40448]]]}},{"type":"Feature","id":161,"properties":{"id":161,"name":"الزبير 1","en":"Alzbyr 1"},"geometry":{"type":"Polygon","coordinates":[[[55.65773,25.40602],[55.65859,25.40952],[55.64695,25.41638],[55.64407,25.40481],[55.64381,25.40373],[55.64565,25.40334],[55.65459,25.39951],[55.65773,25.40602]]]}},{"type":"Feature","id":162,"properties":{"id":162,"name":"كشيشة 2","en":"Kashisha 2"},"geometry":{"type":"Polygon","coordinates":[[[55.59655,25.3537],[55.5814,25.3573],[55.58106,25.35738],[55.58095,25.35701],[55.57812,25.34721],[55.57804,25.3469],[55.57838,25.34681],[55.59139,25.34371],[55.59352,25.34321],[55.59405,25.34504],[55.59655,25.3537]]]}},{"type":"Feature","id":163,"properties":{"id":163,"name":"حي حوشي","en":"Hawshi"},"geometry":{"type":"Polygon","coordinates":[[[55.54443,25.25972],[55.52515,25.26704],[55.51901,25.25823],[55.51974,25.25796],[55.51896,25.25627],[55.52386,25.2544],[55.52512,25.25392],[55.52791,25.25287],[55.52996,25.25209],[55.53166,25.25145],[55.53325,25.25085],[55.53492,25.25018],[55.53712,25.24935],[55.53809,25.24898],[55.53874,25.24874],[55.54087,25.24793],[55.54764,25.24537],[55.54886,25.24491],[55.55951,25.24088],[55.5662,25.23834],[55.56841,25.24311],[55.56925,25.2449],[55.56858,25.24518],[55.56086,25.24812],[55.55682,25.24965],[55.54895,25.25264],[55.5448,25.25421],[55.54583,25.25646],[55.54497,25.25679],[55.54585,25.25872],[55.54425,25.25933],[55.54443,25.25972]]]}},{"type":"Feature","id":164,"properties":{"id":164,"name":"حي فلاح السكني","en":"Hy Flah Alskny"},"geometry":{"type":"Polygon","coordinates":[[[55.54375,25.3082],[55.54373,25.30856],[55.5434,25.30911],[55.54336,25.30891],[55.54331,25.30871],[55.54326,25.3085],[55.5432,25.3083],[55.54314,25.30811],[55.54307,25.30791],[55.54299,25.30771],[55.54291,25.30752],[55.54282,25.30733],[55.54272,25.30714],[55.54265,25.30701],[55.54258,25.30688],[55.54248,25.30672],[55.54238,25.30656],[55.54228,25.30641],[55.54226,25.30638],[55.53462,25.29544],[55.54961,25.28686],[55.55594,25.29511],[55.55595,25.29513],[55.558,25.29779],[55.55807,25.29789],[55.55815,25.29799],[55.55821,25.29808],[55.55721,25.29827],[55.54287,25.299],[55.54304,25.3018],[55.54334,25.30178],[55.54375,25.3082]]]}},{"type":"Feature","id":165,"properties":{"id":165,"name":"الحزانة","en":"Alhzana"},"geometry":{"type":"Polygon","coordinates":[[[55.42769,25.37184],[55.42691,25.37267],[55.42686,25.37272],[55.42679,25.37279],[55.4266,25.37298],[55.42603,25.37353],[55.42544,25.37411],[55.42533,25.37422],[55.42521,25.37434],[55.42507,25.37448],[55.42498,25.37458],[55.42464,25.3749],[55.42451,25.37504],[55.4244,25.37514],[55.4242,25.37535],[55.42396,25.37558],[55.4238,25.37574],[55.42328,25.37623],[55.42297,25.37655],[55.42197,25.37576],[55.42187,25.37569],[55.42161,25.37548],[55.42141,25.37532],[55.42129,25.37523],[55.42117,25.37513],[55.42111,25.37509],[55.42082,25.37486],[55.42065,25.37473],[55.42023,25.37439],[55.42016,25.37434],[55.41992,25.37415],[55.41983,25.37408],[55.41957,25.37386],[55.4194,25.37372],[55.41893,25.37327],[55.4189,25.37325],[55.41873,25.37308],[55.41869,25.37305],[55.41822,25.37259],[55.41817,25.37254],[55.41794,25.37232],[55.4172,25.3716],[55.41714,25.37155],[55.41672,25.37115],[55.41648,25.37091],[55.41599,25.37044],[55.41594,25.3704],[55.41574,25.3702],[55.41567,25.37014],[55.41541,25.36988],[55.41511,25.36958],[55.41505,25.36951],[55.41446,25.36895],[55.41561,25.36801],[55.41581,25.36784],[55.41817,25.36583],[55.4195,25.36469],[55.42059,25.36564],[55.42098,25.36599],[55.42115,25.36613],[55.42131,25.36627],[55.42134,25.3663],[55.42147,25.36642],[55.42153,25.36647],[55.42175,25.36666],[55.42207,25.36694],[55.42215,25.36701],[55.42247,25.36729],[55.4228,25.36758],[55.42304,25.36779],[55.42318,25.36792],[55.42343,25.36814],[55.42377,25.36843],[55.42436,25.36894],[55.42451,25.36908],[55.42483,25.36936],[55.42511,25.36961],[55.42562,25.37006],[55.42597,25.37035],[55.42607,25.37044],[55.4268,25.37109],[55.42694,25.37121],[55.42751,25.37169],[55.42769,25.37184]]]}},{"type":"Feature","id":166,"properties":{"id":166,"name":"حي الدبدبة جنوب","en":"Al Dabdaba South"},"geometry":{"type":"Polygon","coordinates":[[[55.63132,25.38021],[55.63069,25.38051],[55.62955,25.38099],[55.62935,25.38106],[55.62915,25.38113],[55.62894,25.38119],[55.62873,25.38125],[55.62853,25.3813],[55.62832,25.38134],[55.62385,25.38197],[55.62365,25.38199],[55.62346,25.38201],[55.62327,25.38202],[55.62307,25.38202],[55.62288,25.38202],[55.62269,25.38201],[55.62249,25.38199],[55.6223,25.38196],[55.62211,25.38193],[55.62192,25.38189],[55.62173,25.38185],[55.62155,25.3818],[55.62136,25.38174],[55.62118,25.38168],[55.62101,25.3816],[55.61744,25.38011],[55.61726,25.38004],[55.61709,25.37998],[55.61691,25.37992],[55.61672,25.37987],[55.61654,25.37982],[55.61635,25.37979],[55.61617,25.37975],[55.61598,25.37973],[55.61579,25.37971],[55.6156,25.3797],[55.61541,25.37969],[55.60914,25.37964],[55.60895,25.37963],[55.60876,25.37962],[55.60856,25.3796],[55.60837,25.37957],[55.60819,25.37954],[55.608,25.3795],[55.60781,25.37946],[55.60763,25.37941],[55.60745,25.37935],[55.60727,25.37928],[55.60709,25.37921],[55.60692,25.37914],[55.60675,25.37905],[55.60659,25.37896],[55.60642,25.37887],[55.60627,25.37877],[55.60611,25.37866],[55.60596,25.37855],[55.60582,25.37844],[55.60568,25.37832],[55.60555,25.37819],[55.60542,25.37806],[55.6053,25.37793],[55.59755,25.36905],[55.59738,25.36885],[55.59719,25.36866],[55.59701,25.36847],[55.5968,25.36826],[55.59659,25.36806],[55.59637,25.36786],[55.59614,25.36767],[55.59592,25.36749],[55.59568,25.3673],[55.59545,25.36713],[55.5952,25.36695],[55.59496,25.36679],[55.5947,25.36662],[55.59444,25.36646],[55.59418,25.3663],[55.59391,25.36615],[55.59363,25.36601],[55.59336,25.36587],[55.59308,25.36574],[55.5928,25.36562],[55.59251,25.3655],[55.59222,25.36538],[55.59193,25.36527],[55.59163,25.36517],[55.59133,25.36508],[55.59103,25.36499],[55.59073,25.36491],[55.59043,25.36483],[55.59012,25.36476],[55.58981,25.3647],[55.58951,25.36464],[55.58919,25.3646],[55.591,25.36473],[55.59378,25.36508],[55.59396,25.36472],[55.59496,25.36508],[55.59951,25.364],[55.61674,25.3599],[55.61883,25.35946],[55.619,25.3598],[55.61935,25.36049],[55.61971,25.36118],[55.62008,25.36187],[55.62045,25.36255],[55.62084,25.36326],[55.62124,25.36396],[55.62165,25.36466],[55.62206,25.36536],[55.62332,25.36743],[55.62971,25.37765],[55.63132,25.38021]]]}},{"type":"Feature","id":167,"properties":{"id":167,"name":"كشيشة 1","en":"Kashisha 1"},"geometry":{"type":"Polygon","coordinates":[[[55.59951,25.364],[55.59496,25.36508],[55.59396,25.36472],[55.59378,25.36508],[55.591,25.36473],[55.58919,25.3646],[55.58296,25.36399],[55.58115,25.3577],[55.58106,25.35738],[55.5814,25.3573],[55.59655,25.3537],[55.59951,25.364]]]}},{"type":"Feature","id":168,"properties":{"id":168,"name":"ام فنين","en":"Umm Fenein"},"geometry":{"type":"Polygon","coordinates":[[[55.55504,25.36436],[55.55506,25.36461],[55.55283,25.36441],[55.54096,25.3633],[55.53889,25.36308],[55.5327,25.36195],[55.5216,25.3599],[55.51581,25.35883],[55.50508,25.35685],[55.50068,25.35607],[55.49927,25.35602],[55.49802,25.35624],[55.49722,25.35657],[55.49572,25.35452],[55.49702,25.35439],[55.50611,25.34866],[55.51705,25.34731],[55.5277,25.34571],[55.5482,25.34019],[55.55191,25.3531],[55.5531,25.35725],[55.55343,25.35839],[55.55414,25.36084],[55.55499,25.36378],[55.55504,25.36436]]]}},{"type":"Feature","id":169,"properties":{"id":169,"name":"الصجعة الصناعية","en":"Al Sajaa Industrial"},"geometry":{"type":"Polygon","coordinates":[[[55.68526,25.36121],[55.68289,25.35637],[55.66144,25.36501],[55.66077,25.36021],[55.65277,25.36343],[55.65125,25.37032],[55.65124,25.37065],[55.64713,25.37204],[55.64674,25.37213],[55.6414,25.37305],[55.64113,25.37311],[55.64087,25.37317],[55.6406,25.37324],[55.64033,25.37331],[55.64007,25.37339],[55.63981,25.37347],[55.63955,25.37356],[55.63797,25.37408],[55.63771,25.37416],[55.63746,25.37425],[55.63722,25.37434],[55.63697,25.37444],[55.63673,25.37455],[55.63649,25.37466],[55.62991,25.37797],[55.62971,25.37765],[55.62332,25.36743],[55.62206,25.36536],[55.62165,25.36466],[55.62124,25.36396],[55.62084,25.36326],[55.62045,25.36255],[55.62008,25.36187],[55.61971,25.36118],[55.61935,25.36049],[55.619,25.3598],[55.61883,25.35946],[55.61852,25.35883],[55.61821,25.3582],[55.61791,25.35758],[55.61761,25.35694],[55.61732,25.35631],[55.61714,25.35591],[55.61696,25.35551],[55.6169,25.35539],[55.61678,25.35511],[55.61673,25.35499],[55.61648,25.35441],[55.61629,25.35398],[55.61612,25.35356],[55.61594,25.35313],[55.6158,25.3528],[55.61563,25.35238],[55.61539,25.35178],[55.61511,25.35104],[55.6148,25.35024],[55.61449,25.34938],[55.61392,25.34781],[55.6134,25.34622],[55.61306,25.34512],[55.61112,25.33882],[55.6101,25.33552],[55.60938,25.33325],[55.60861,25.33099],[55.60823,25.3299],[55.60783,25.32883],[55.6075,25.32795],[55.60717,25.32707],[55.60682,25.32619],[55.60647,25.32531],[55.60611,25.32444],[55.60575,25.32357],[55.60538,25.3227],[55.605,25.32183],[55.60462,25.32097],[55.60423,25.32011],[55.60384,25.31925],[55.60352,25.31858],[55.60119,25.31358],[55.59964,25.31023],[55.59863,25.30807],[55.59793,25.30657],[55.59571,25.30181],[55.59762,25.30102],[55.60318,25.29872],[55.60493,25.29799],[55.60543,25.29778],[55.60674,25.29724],[55.60777,25.29682],[55.60945,25.29613],[55.61023,25.29581],[55.61083,25.29556],[55.61117,25.29542],[55.62029,25.29167],[55.62585,25.28937],[55.62629,25.28919],[55.62674,25.28901],[55.62743,25.28872],[55.6279,25.28853],[55.62791,25.28853],[55.62835,25.28835],[55.62874,25.28821],[55.62905,25.28809],[55.62919,25.28804],[55.6296,25.2879],[55.63001,25.28776],[55.63051,25.28761],[55.63101,25.28745],[55.63168,25.28726],[55.63204,25.28717],[55.63237,25.28708],[55.63266,25.28701],[55.63296,25.28693],[55.63324,25.28687],[55.63355,25.2868],[55.63388,25.28673],[55.63422,25.28666],[55.6346,25.28658],[55.63485,25.28654],[55.63507,25.2865],[55.63528,25.28646],[55.63553,25.28642],[55.63576,25.28639],[55.636,25.28635],[55.63627,25.28631],[55.63655,25.28627],[55.6369,25.28623],[55.63716,25.28619],[55.63731,25.28618],[55.63766,25.28614],[55.63798,25.28611],[55.63843,25.28607],[55.63879,25.28604],[55.63928,25.28601],[55.63967,25.28599],[55.64004,25.28597],[55.64052,25.28595],[55.64094,25.28595],[55.64125,25.28594],[55.64166,25.28594],[55.64205,25.28595],[55.64241,25.28595],[55.64284,25.28597],[55.64313,25.28598],[55.64408,25.28603],[55.64437,25.28606],[55.64482,25.28609],[55.64523,25.28613],[55.64566,25.28618],[55.64691,25.28631],[55.6478,25.28641],[55.64845,25.28648],[55.65008,25.28666],[55.65053,25.28671],[55.65092,25.28675],[55.65178,25.28684],[55.65284,25.28696],[55.65371,25.28705],[55.65459,25.28714],[55.6548,25.28717],[55.65569,25.28726],[55.65635,25.28732],[55.65813,25.2874],[55.65847,25.28738],[55.65881,25.28734],[55.65915,25.2873],[55.65949,25.28726],[55.65983,25.2872],[55.66017,25.28714],[55.6605,25.28707],[55.66084,25.287],[55.66117,25.28692],[55.6615,25.28683],[55.66182,25.28674],[55.66215,25.28663],[55.66247,25.28653],[55.66279,25.28641],[55.6631,25.28629],[55.66342,25.28616],[55.66373,25.28603],[55.67219,25.28242],[55.69071,25.31907],[55.71196,25.35138],[55.70882,25.35254],[55.68861,25.35998],[55.68526,25.36121]],[[55.63861,25.32796],[55.64983,25.35044],[55.65575,25.34804],[55.64458,25.32551],[55.63861,25.32796]]]}},{"type":"Feature","id":170,"properties":{"id":170,"name":"الزبير سكني","en":"Al Zubair Residential"},"geometry":{"type":"Polygon","coordinates":[[[55.64976,25.3788],[55.64573,25.39251],[55.64052,25.39494],[55.6405,25.39491],[55.63132,25.38021],[55.63208,25.37983],[55.63245,25.37964],[55.63282,25.37944],[55.63343,25.37911],[55.6338,25.37891],[55.63418,25.37872],[55.6377,25.37695],[55.63787,25.37687],[55.6408,25.38158],[55.6444,25.37975],[55.64976,25.3788]]]}},{"type":"Feature","id":171,"properties":{"id":171,"name":"الزبير","en":"Al Zubair"},"geometry":{"type":"Polygon","coordinates":[[[55.68126,25.389],[55.6773,25.38101],[55.66752,25.3849],[55.65914,25.38816],[55.65077,25.3914],[55.64611,25.39322],[55.64573,25.39251],[55.64976,25.3788],[55.6444,25.37975],[55.6408,25.38158],[55.63787,25.37687],[55.63805,25.37679],[55.63823,25.37671],[55.63841,25.37664],[55.6386,25.37657],[55.63878,25.3765],[55.64077,25.37586],[55.64102,25.37578],[55.64126,25.37571],[55.64151,25.37564],[55.64176,25.37559],[55.64201,25.37553],[55.64227,25.37549],[55.64694,25.37468],[55.64709,25.37465],[55.64735,25.3746],[55.64762,25.37454],[55.64788,25.37447],[55.64814,25.3744],[55.6484,25.37432],[55.64865,25.37423],[55.6517,25.37316],[55.67923,25.36343],[55.67963,25.36329],[55.68002,25.36314],[55.68526,25.36121],[55.68861,25.35998],[55.70882,25.35254],[55.71806,25.37032],[55.70794,25.37787],[55.70086,25.38315],[55.70055,25.3833],[55.69304,25.38693],[55.68835,25.38919],[55.6831,25.39272],[55.68126,25.389]]]}},{"type":"Feature","id":172,"properties":{"id":172,"name":"عرقوب الصناعية/حمرية","en":"Arqoub Industrial / Hamriyah"},"geometry":{"type":"Polygon","coordinates":[[[55.62922,25.41472],[55.63319,25.42045],[55.64128,25.43186],[55.63753,25.43257],[55.63319,25.43339],[55.62403,25.43513],[55.62387,25.43486],[55.62278,25.43328],[55.62118,25.43098],[55.62113,25.4309],[55.62095,25.43063],[55.62077,25.43035],[55.6206,25.43007],[55.62043,25.42978],[55.62027,25.4295],[55.62011,25.42921],[55.61996,25.42892],[55.61982,25.42863],[55.61968,25.42833],[55.61954,25.42803],[55.61941,25.42774],[55.61929,25.42743],[55.61918,25.42713],[55.61906,25.42683],[55.61901,25.42667],[55.61729,25.42156],[55.61726,25.42149],[55.61815,25.42136],[55.61924,25.42107],[55.61995,25.42077],[55.62122,25.41999],[55.6276,25.41554],[55.62843,25.41473],[55.62846,25.4147],[55.62883,25.41415],[55.62922,25.41472]]]}},{"type":"Feature","id":173,"properties":{"id":173,"name":"حي الدبدبة شمال","en":"Al Dabdaba North"},"geometry":{"type":"Polygon","coordinates":[[[55.6405,25.39491],[55.63728,25.39649],[55.63712,25.39657],[55.63697,25.39665],[55.63682,25.39675],[55.63668,25.39685],[55.63654,25.39695],[55.6364,25.39706],[55.63627,25.39717],[55.63615,25.39729],[55.63603,25.39742],[55.63592,25.39754],[55.63581,25.39768],[55.63571,25.39781],[55.63562,25.39795],[55.63553,25.3981],[55.63545,25.39825],[55.63538,25.3984],[55.63532,25.39855],[55.63526,25.3987],[55.63521,25.39886],[55.63516,25.39902],[55.63513,25.39918],[55.6351,25.39934],[55.63508,25.3995],[55.63506,25.39967],[55.63487,25.40308],[55.63497,25.40781],[55.63497,25.40796],[55.63496,25.40812],[55.63495,25.40827],[55.63493,25.40842],[55.6349,25.40857],[55.63486,25.40871],[55.63482,25.40886],[55.63476,25.409],[55.6347,25.40915],[55.63464,25.40928],[55.63456,25.40942],[55.63448,25.40955],[55.6344,25.40968],[55.6343,25.40981],[55.6342,25.40993],[55.6341,25.41005],[55.63398,25.41016],[55.63378,25.41029],[55.63357,25.41042],[55.63336,25.41055],[55.63314,25.41067],[55.63292,25.41078],[55.63269,25.41089],[55.63246,25.41099],[55.63223,25.41108],[55.632,25.41117],[55.63176,25.41126],[55.63152,25.41133],[55.63128,25.4114],[55.63104,25.41147],[55.63079,25.41153],[55.63054,25.41158],[55.63029,25.41162],[55.63004,25.41166],[55.62959,25.40966],[55.62327,25.40242],[55.61508,25.39303],[55.60853,25.38553],[55.60037,25.37618],[55.59487,25.3699],[55.5934,25.36875],[55.59248,25.36832],[55.59113,25.36799],[55.58323,25.36723],[55.5756,25.36652],[55.56948,25.36595],[55.55857,25.36494],[55.55506,25.36461],[55.55504,25.36436],[55.55499,25.36378],[55.55589,25.36381],[55.55679,25.36384],[55.55769,25.36386],[55.55859,25.36387],[55.55949,25.36388],[55.56039,25.36388],[55.56129,25.36388],[55.5622,25.36387],[55.5631,25.36385],[55.564,25.36383],[55.5649,25.3638],[55.5658,25.36377],[55.56658,25.36374],[55.56735,25.36371],[55.56812,25.36369],[55.5689,25.36368],[55.56891,25.36368],[55.56892,25.36368],[55.56968,25.36367],[55.57044,25.36367],[55.5712,25.36367],[55.57171,25.36368],[55.57222,25.36368],[55.57263,25.36369],[55.57264,25.36369],[55.58169,25.36387],[55.58296,25.36399],[55.58919,25.3646],[55.58951,25.36464],[55.58981,25.3647],[55.59012,25.36476],[55.59043,25.36483],[55.59073,25.36491],[55.59103,25.36499],[55.59133,25.36508],[55.59163,25.36517],[55.59193,25.36527],[55.59222,25.36538],[55.59251,25.3655],[55.5928,25.36562],[55.59308,25.36574],[55.59336,25.36587],[55.59363,25.36601],[55.59391,25.36615],[55.59418,25.3663],[55.59444,25.36646],[55.5947,25.36662],[55.59496,25.36679],[55.5952,25.36695],[55.59545,25.36713],[55.59568,25.3673],[55.59592,25.36749],[55.59614,25.36767],[55.59637,25.36786],[55.59659,25.36806],[55.5968,25.36826],[55.59701,25.36847],[55.59719,25.36866],[55.59738,25.36885],[55.59755,25.36905],[55.6053,25.37793],[55.60542,25.37806],[55.60555,25.37819],[55.60568,25.37832],[55.60582,25.37844],[55.60596,25.37855],[55.60611,25.37866],[55.60627,25.37877],[55.60642,25.37887],[55.60659,25.37896],[55.60675,25.37905],[55.60692,25.37914],[55.60709,25.37921],[55.60727,25.37928],[55.60745,25.37935],[55.60763,25.37941],[55.60781,25.37946],[55.608,25.3795],[55.60819,25.37954],[55.60837,25.37957],[55.60856,25.3796],[55.60876,25.37962],[55.60895,25.37963],[55.60914,25.37964],[55.61216,25.37966],[55.61541,25.37969],[55.6156,25.3797],[55.61579,25.37971],[55.61598,25.37973],[55.61617,25.37975],[55.61635,25.37979],[55.61654,25.37982],[55.61672,25.37987],[55.61691,25.37992],[55.61709,25.37998],[55.61726,25.38004],[55.61744,25.38011],[55.62101,25.3816],[55.62118,25.38168],[55.62136,25.38174],[55.62155,25.3818],[55.62173,25.38185],[55.62192,25.38189],[55.62211,25.38193],[55.6223,25.38196],[55.62249,25.38199],[55.62269,25.38201],[55.62288,25.38202],[55.62307,25.38202],[55.62327,25.38202],[55.62346,25.38201],[55.62365,25.38199],[55.62385,25.38197],[55.62832,25.38134],[55.62853,25.3813],[55.62873,25.38125],[55.62894,25.38119],[55.62915,25.38113],[55.62935,25.38106],[55.62955,25.38099],[55.63069,25.38051],[55.63132,25.38021],[55.6405,25.39491]]]}},{"type":"Feature","id":174,"properties":{"id":174,"name":"الصجعة زراعي","en":"Al Sajaa Agricultural"},"geometry":{"type":"Polygon","coordinates":[[[55.63787,25.37687],[55.6377,25.37695],[55.63418,25.37872],[55.6338,25.37891],[55.63343,25.37911],[55.63282,25.37944],[55.63245,25.37964],[55.63208,25.37983],[55.63132,25.38021],[55.62991,25.37797],[55.63649,25.37466],[55.63673,25.37455],[55.63697,25.37444],[55.63722,25.37434],[55.63746,25.37425],[55.63771,25.37416],[55.63797,25.37408],[55.63955,25.37356],[55.63981,25.37347],[55.64007,25.37339],[55.64033,25.37331],[55.6406,25.37324],[55.64087,25.37317],[55.64113,25.37311],[55.6414,25.37305],[55.64674,25.37213],[55.64713,25.37204],[55.65124,25.37065],[55.65125,25.37032],[55.65277,25.36343],[55.66077,25.36021],[55.66144,25.36501],[55.68289,25.35637],[55.68526,25.36121],[55.68002,25.36314],[55.67963,25.36329],[55.67923,25.36343],[55.6517,25.37316],[55.64865,25.37423],[55.6484,25.37432],[55.64814,25.3744],[55.64788,25.37447],[55.64762,25.37454],[55.64735,25.3746],[55.64709,25.37465],[55.64694,25.37468],[55.64227,25.37549],[55.64201,25.37553],[55.64176,25.37559],[55.64151,25.37564],[55.64126,25.37571],[55.64102,25.37578],[55.64077,25.37586],[55.63878,25.3765],[55.6386,25.37657],[55.63841,25.37664],[55.63823,25.37671],[55.63805,25.37679],[55.63787,25.37687]]]}},{"type":"Feature","id":175,"properties":{"id":175,"name":"عرقوب الصناعية/ الشارقة","en":"Arqoub Industrial / Sharjah"},"geometry":{"type":"Polygon","coordinates":[[[55.62883,25.41415],[55.62923,25.41355],[55.62993,25.41227],[55.63004,25.41166],[55.63029,25.41162],[55.63054,25.41158],[55.63079,25.41153],[55.63104,25.41147],[55.63128,25.4114],[55.63152,25.41133],[55.63176,25.41126],[55.632,25.41117],[55.63223,25.41108],[55.63246,25.41099],[55.63269,25.41089],[55.63292,25.41078],[55.63314,25.41067],[55.63336,25.41055],[55.63357,25.41042],[55.63378,25.41029],[55.63398,25.41016],[55.6341,25.41005],[55.6342,25.40993],[55.6343,25.40981],[55.6344,25.40968],[55.63448,25.40955],[55.63456,25.40942],[55.63464,25.40928],[55.6347,25.40915],[55.63476,25.409],[55.63482,25.40886],[55.63486,25.40871],[55.6349,25.40857],[55.63493,25.40842],[55.63495,25.40827],[55.63496,25.40812],[55.63497,25.40796],[55.63497,25.40781],[55.63487,25.40308],[55.63506,25.39967],[55.63508,25.3995],[55.6351,25.39934],[55.63513,25.39918],[55.63516,25.39902],[55.63521,25.39886],[55.63526,25.3987],[55.63532,25.39855],[55.63538,25.3984],[55.63545,25.39825],[55.63553,25.3981],[55.63562,25.39795],[55.63571,25.39781],[55.63581,25.39768],[55.63592,25.39754],[55.63603,25.39742],[55.63615,25.39729],[55.63627,25.39717],[55.6364,25.39706],[55.63654,25.39695],[55.63668,25.39685],[55.63682,25.39675],[55.63697,25.39665],[55.63712,25.39657],[55.63728,25.39649],[55.6405,25.39491],[55.64052,25.39494],[55.64074,25.39532],[55.64096,25.39571],[55.64117,25.3961],[55.64137,25.39649],[55.64156,25.39688],[55.64175,25.39728],[55.64193,25.39768],[55.6421,25.39808],[55.64227,25.39849],[55.64243,25.39889],[55.64258,25.3993],[55.64273,25.39971],[55.64286,25.40012],[55.64299,25.40053],[55.64311,25.40094],[55.64323,25.40135],[55.64333,25.40177],[55.64338,25.40194],[55.64381,25.40373],[55.64407,25.40481],[55.64695,25.41638],[55.65043,25.43012],[55.64343,25.43145],[55.64128,25.43186],[55.63319,25.42045],[55.62922,25.41472],[55.62883,25.41415]]]}}]}